subj;ForwDigits;BackDigits;LNS;Digit symbol coding_test;TMT-A;TMT-B;Zoo map_plan;Zoo map_time
S0006;11;11;15;84;14;58;90;125
S0008;10;8;12;116;16;39;32;141
S0035;9;7;13;115;19;35;120;157
S0038;11;6;12;99;27;60;44;85
S0039;11;8;12;104;-1;-1;70;105
S0049;9;8;11;70;-1;138;115;121
S0113;11;12;15;79;33;78;132;165
S0116;13;9;16;88;31;126;142;221
S0117;12;9;12;97;15;51;60;100
S0118;14;13;11;108;20;64;65;-1
S0119;9;6;10;78;27;58;390;518
S0120;8;8;11;70;28;53;40;54
S0121;10;12;15;100;21;36;94;109
S0123;7;6;9;49;68;123;70;189
S0124;10;8;12;82;27;56;116;146
S0126;8;7;10;62;22;60;90;112
S0127;12;13;18;82;19;31;43;130
S0128;-1;-1;-1;-1;-1;-1;-1;-1
S0130;8;6;9;69;47;89;74;91
