participant_id	source_code	cohort	meg_main_cohort	meg_eoec_cohort	neuropsychology
sub-meg0001	S0001	MEG	no	yes	no
sub-meg0006	S0006	MEG	yes	yes	yes
sub-meg0008	S0008	MEG	yes	yes	yes
sub-meg0035	S0035	MEG	yes	no	yes
sub-meg0038	S0038	MEG	yes	no	yes
sub-meg0039	S0039	MEG	yes	no	yes
sub-meg0049	S0049	MEG	yes	no	yes
sub-meg0113	S0113	MEG	yes	yes	yes
sub-meg0116	S0116	MEG	yes	yes	yes
sub-meg0117	S0117	MEG	yes	no	yes
sub-meg0118	S0118	MEG	yes	no	yes
sub-meg0119	S0119	MEG	yes	no	yes
sub-meg0120	S0120	MEG	yes	no	yes
sub-meg0121	S0121	MEG	yes	no	yes
sub-meg0123	S0123	MEG	yes	no	yes
sub-meg0124	S0124	MEG	yes	no	yes
sub-meg0126	S0126	MEG	yes	no	yes
sub-meg0127	S0127	MEG	yes	no	yes
sub-meg0128	S0128	MEG	yes	no	yes
sub-meg0130	S0130	MEG	yes	no	yes
sub-meg0156	S0156	MEG	no	yes	no
sub-meg0166	S0166	MEG	no	yes	no
sub-meg0172	S0172	MEG	no	yes	no
sub-meg0173	S0173	MEG	no	yes	no
sub-meg0174	S0174	MEG	no	yes	no
sub-seeg001	S001	SEEG	n/a	n/a	n/a
sub-seeg002	S002	SEEG	n/a	n/a	n/a
sub-seeg003	S003	SEEG	n/a	n/a	n/a
sub-seeg004	S004	SEEG	n/a	n/a	n/a
sub-seeg005	S005	SEEG	n/a	n/a	n/a
sub-seeg006	S006	SEEG	n/a	n/a	n/a
sub-seeg007	S007	SEEG	n/a	n/a	n/a
sub-seeg008	S008	SEEG	n/a	n/a	n/a
sub-seeg009	S009	SEEG	n/a	n/a	n/a
sub-seeg010	S010	SEEG	n/a	n/a	n/a
sub-seeg011	S011	SEEG	n/a	n/a	n/a
sub-seeg012	S012	SEEG	n/a	n/a	n/a
sub-seeg013	S013	SEEG	n/a	n/a	n/a
sub-seeg014	S014	SEEG	n/a	n/a	n/a
sub-seeg015	S015	SEEG	n/a	n/a	n/a
sub-seeg016	S016	SEEG	n/a	n/a	n/a
sub-seeg017	S017	SEEG	n/a	n/a	n/a
sub-seeg018	S018	SEEG	n/a	n/a	n/a
sub-seeg019	S019	SEEG	n/a	n/a	n/a
sub-seeg020	S020	SEEG	n/a	n/a	n/a
sub-seeg021	S021	SEEG	n/a	n/a	n/a
sub-seeg022	S022	SEEG	n/a	n/a	n/a
sub-seeg023	S023	SEEG	n/a	n/a	n/a
sub-seeg024	S024	SEEG	n/a	n/a	n/a
sub-seeg025	S025	SEEG	n/a	n/a	n/a
sub-seeg026	S026	SEEG	n/a	n/a	n/a
sub-seeg027	S027	SEEG	n/a	n/a	n/a
sub-seeg028	S028	SEEG	n/a	n/a	n/a
sub-seeg029	S029	SEEG	n/a	n/a	n/a
sub-seeg030	S030	SEEG	n/a	n/a	n/a
sub-seeg031	S031	SEEG	n/a	n/a	n/a
sub-seeg032	S032	SEEG	n/a	n/a	n/a
sub-seeg033	S033	SEEG	n/a	n/a	n/a
sub-seeg034	S034	SEEG	n/a	n/a	n/a
sub-seeg035	S035	SEEG	n/a	n/a	n/a
sub-seeg036	S036	SEEG	n/a	n/a	n/a
sub-seeg037	S037	SEEG	n/a	n/a	n/a
sub-seeg038	S038	SEEG	n/a	n/a	n/a
sub-seeg039	S039	SEEG	n/a	n/a	n/a
sub-seeg040	S040	SEEG	n/a	n/a	n/a
sub-seeg041	S041	SEEG	n/a	n/a	n/a
sub-seeg042	S042	SEEG	n/a	n/a	n/a
sub-seeg043	S043	SEEG	n/a	n/a	n/a
sub-seeg044	S044	SEEG	n/a	n/a	n/a
sub-seeg045	S045	SEEG	n/a	n/a	n/a
sub-seeg046	S046	SEEG	n/a	n/a	n/a
sub-seeg047	S047	SEEG	n/a	n/a	n/a
sub-seeg048	S048	SEEG	n/a	n/a	n/a
sub-seeg049	S049	SEEG	n/a	n/a	n/a
sub-seeg050	S050	SEEG	n/a	n/a	n/a
sub-seeg051	S051	SEEG	n/a	n/a	n/a
sub-seeg052	S052	SEEG	n/a	n/a	n/a
sub-seeg053	S053	SEEG	n/a	n/a	n/a
sub-seeg054	S054	SEEG	n/a	n/a	n/a
sub-seeg055	S055	SEEG	n/a	n/a	n/a
sub-seeg056	S056	SEEG	n/a	n/a	n/a
sub-seeg057	S057	SEEG	n/a	n/a	n/a
sub-seeg058	S058	SEEG	n/a	n/a	n/a
sub-seeg059	S059	SEEG	n/a	n/a	n/a
