0.00000;0.00384;0.01079;0.02827;0.04227;0.04577;0.05169;0.00101;0.00421;0.00768;0.01694;0.01777;0.03789;0.04106;0.04428;0.04753;0.01990;0.02124;0.02310;0.02531;0.02779;0.03046;0.03330;0.01539;0.01598;0.01737;0.01930;0.02163;0.02425;0.03622;0.03943;0.03215;0.03565;0.04265;0.03699;0.03539;0.03267;0.03011;0.02777;0.02568;0.02393;0.02258;0.02173;0.02141;0.02167;0.02248;0.02377;0.02549;0.02987;0.04240;0.04387;0.04565;0.04763;0.04977;0.05701;0.05963;0.07505;0.07589;0.07683;0.07792;0.08051;0.08200;0.06109;0.07809;0.08034;0.08534;0.03241;0.02448;0.02577;0.02762;0.02976;0.03472;0.03744;0.04029;0.04323;0.04625;0.04794;0.04813;0.04935;0.05032;0.03107;0.03207;0.03352;0.03525;0.04698;0.05257;0.05549;0.06626;0.06723;0.06846;0.06984;0.07137;0.07303;0.07482;0.07672;0.04529;0.04521;0.04540;0.04657;0.04754;0.04874;0.05015;0.06470
0.00384;0.00000;0.00700;0.02450;0.03850;0.04200;0.05176;0.00484;0.00782;0.01112;0.01863;0.01998;0.04130;0.04449;0.04772;0.05099;0.02004;0.02183;0.02410;0.02664;0.02937;0.03225;0.03525;0.01601;0.01676;0.01828;0.02030;0.02269;0.02533;0.03735;0.04055;0.03533;0.03881;0.04579;0.03855;0.03697;0.03429;0.03178;0.02947;0.02741;0.02567;0.02430;0.02339;0.02298;0.02310;0.02373;0.02486;0.02640;0.03046;0.04590;0.04746;0.04931;0.05133;0.05350;0.06077;0.06340;0.07531;0.07629;0.07738;0.07860;0.08145;0.08306;0.06188;0.08049;0.08281;0.08661;0.03287;0.02441;0.02604;0.02823;0.03067;0.03607;0.03896;0.04194;0.04500;0.04812;0.04828;0.04862;0.05019;0.05131;0.03134;0.03256;0.03422;0.03614;0.04848;0.05421;0.05719;0.06641;0.06752;0.06888;0.07038;0.07203;0.07380;0.07570;0.07771;0.04498;0.04503;0.04539;0.04691;0.04803;0.04937;0.05093;0.06654
0.01079;0.00700;0.00000;0.01750;0.03150;0.03500;0.05343;0.01177;0.01471;0.01791;0.02203;0.02412;0.04736;0.05061;0.05389;0.05719;0.02202;0.02449;0.02733;0.03031;0.03338;0.03654;0.03975;0.02014;0.02110;0.02274;0.02477;0.02710;0.02967;0.04132;0.04444;0.04170;0.04516;0.05209;0.04087;0.03936;0.03683;0.03446;0.03231;0.03040;0.02879;0.02754;0.02669;0.02628;0.02634;0.02686;0.02781;0.02915;0.03280;0.05237;0.05407;0.05604;0.05815;0.06039;0.06776;0.07040;0.07714;0.07838;0.07973;0.08120;0.08450;0.08631;0.06440;0.08573;0.08818;0.09024;0.03501;0.02711;0.02920;0.03184;0.03462;0.04053;0.04360;0.04674;0.04992;0.05314;0.05054;0.05117;0.05337;0.05477;0.03404;0.03562;0.03762;0.03982;0.05298;0.05888;0.06191;0.06832;0.06967;0.07127;0.07301;0.07486;0.07683;0.07891;0.08109;0.04660;0.04690;0.04758;0.04966;0.05102;0.05259;0.05434;0.07138
0.02827;0.02450;0.01750;0.00000;0.01400;0.01750;0.06100;0.02923;0.03215;0.03525;0.03549;0.03829;0.06338;0.06668;0.07000;0.07333;0.03349;0.03656;0.03988;0.04324;0.04662;0.05001;0.05342;0.03475;0.03585;0.03746;0.03932;0.04139;0.04364;0.05400;0.05684;0.05826;0.06164;0.06844;0.05060;0.04935;0.04729;0.04540;0.04372;0.04225;0.04104;0.04009;0.03943;0.03908;0.03903;0.03930;0.03988;0.04075;0.04330;0.06900;0.07092;0.07309;0.07535;0.07771;0.08525;0.08790;0.08411;0.08591;0.08779;0.08976;0.09398;0.09621;0.07329;0.09980;0.10248;0.10089;0.04492;0.03887;0.04145;0.04454;0.04767;0.05409;0.05735;0.06063;0.06394;0.06727;0.05949;0.06068;0.06402;0.06591;0.04505;0.04711;0.04954;0.05209;0.06616;0.07220;0.07529;0.07578;0.07760;0.07968;0.08185;0.08411;0.08645;0.08887;0.09136;0.05452;0.05530;0.05657;0.05965;0.06143;0.06336;0.06542;0.08480
0.04227;0.03850;0.03150;0.01400;0.00000;0.00350;0.06969;0.04323;0.04613;0.04921;0.04816;0.05114;0.07666;0.07997;0.08329;0.08663;0.04552;0.04865;0.05203;0.05542;0.05883;0.06225;0.06567;0.04786;0.04897;0.05053;0.05227;0.05419;0.05626;0.06576;0.06838;0.07183;0.07516;0.08186;0.06094;0.05988;0.05815;0.05658;0.05519;0.05399;0.05300;0.05222;0.05167;0.05135;0.05127;0.05143;0.05182;0.05244;0.05435;0.08256;0.08459;0.08685;0.08919;0.09161;0.09924;0.10190;0.09173;0.09387;0.09607;0.09834;0.10309;0.10556;0.08241;0.11175;0.11456;0.11066;0.05561;0.05073;0.05340;0.05657;0.05978;0.06628;0.06957;0.07287;0.07620;0.07954;0.06905;0.07052;0.07444;0.07656;0.05627;0.05849;0.06105;0.06369;0.07793;0.08398;0.08705;0.08392;0.08601;0.08834;0.09075;0.09323;0.09577;0.09837;0.10102;0.06367;0.06470;0.06626;0.06981;0.07177;0.07385;0.07604;0.09648
0.04577;0.04200;0.03500;0.01750;0.00350;0.00000;0.07212;0.04673;0.04963;0.05270;0.05144;0.05444;0.08002;0.08332;0.08665;0.08998;0.04869;0.05182;0.05520;0.05859;0.06200;0.06542;0.06884;0.05121;0.05232;0.05387;0.05559;0.05748;0.05951;0.06884;0.07141;0.07525;0.07857;0.08524;0.06375;0.06272;0.06106;0.05956;0.05823;0.05709;0.05614;0.05539;0.05486;0.05455;0.05446;0.05460;0.05496;0.05554;0.05732;0.08598;0.08803;0.09031;0.09266;0.09509;0.10274;0.10539;0.09386;0.09608;0.09834;0.10067;0.10553;0.10805;0.08490;0.11481;0.11764;0.11324;0.05851;0.05385;0.05654;0.05971;0.06293;0.06943;0.07272;0.07603;0.07935;0.08269;0.07167;0.07319;0.07722;0.07938;0.05927;0.06151;0.06408;0.06674;0.08099;0.08702;0.09009;0.08619;0.08833;0.09071;0.09317;0.09569;0.09827;0.10091;0.10359;0.06622;0.06730;0.06892;0.07255;0.07455;0.07665;0.07886;0.09949
0.05169;0.05176;0.05343;0.06100;0.06969;0.07212;0.00000;0.05187;0.05277;0.05377;0.06511;0.06583;0.07741;0.07944;0.08156;0.08378;0.06914;0.06977;0.07060;0.07159;0.07274;0.07403;0.07547;0.03860;0.03997;0.04194;0.04409;0.04642;0.04888;0.05977;0.06269;0.06573;0.06799;0.07280;0.07633;0.07572;0.07473;0.07390;0.07322;0.07271;0.07236;0.07218;0.07216;0.07232;0.07265;0.07314;0.07380;0.07461;0.07669;0.05332;0.05549;0.05792;0.06046;0.06308;0.07142;0.07432;0.02378;0.02528;0.02710;0.02924;0.03418;0.03691;0.01876;0.04995;0.05323;0.04270;0.07795;0.03801;0.03890;0.04018;0.04171;0.04544;0.04758;0.04988;0.05231;0.05486;0.00590;0.00857;0.01517;0.01858;0.02361;0.02475;0.02635;0.02830;0.04125;0.04726;0.05036;0.02041;0.02271;0.02544;0.02834;0.03136;0.03447;0.03765;0.04089;0.02953;0.03231;0.03500;0.04076;0.04378;0.04686;0.05000;0.04635
0.00101;0.00484;0.01177;0.02923;0.04323;0.04673;0.05187;0.00000;0.00335;0.00685;0.01648;0.01716;0.03695;0.04012;0.04333;0.04659;0.01988;0.02110;0.02285;0.02497;0.02737;0.03000;0.03278;0.01553;0.01607;0.01740;0.01927;0.02156;0.02414;0.03604;0.03924;0.03135;0.03485;0.04185;0.03655;0.03494;0.03220;0.02963;0.02727;0.02518;0.02342;0.02208;0.02124;0.02096;0.02126;0.02211;0.02347;0.02523;0.02971;0.04155;0.04300;0.04476;0.04671;0.04884;0.05606;0.05869;0.07517;0.07597;0.07687;0.07793;0.08045;0.08190;0.06106;0.07761;0.07983;0.08517;0.03228;0.02472;0.02592;0.02767;0.02972;0.03454;0.03720;0.04000;0.04290;0.04588;0.04805;0.04820;0.04933;0.05026;0.03123;0.03217;0.03355;0.03523;0.04675;0.05230;0.05520;0.06641;0.06735;0.06854;0.06988;0.07138;0.07301;0.07476;0.07664;0.04556;0.04545;0.04559;0.04666;0.04758;0.04873;0.05010;0.06437
0.00421;0.00782;0.01471;0.03215;0.04613;0.04963;0.05277;0.00335;0.00000;0.00350;0.01662;0.01659;0.03405;0.03715;0.04032;0.04353;0.01884;0.01958;0.02090;0.02270;0.02486;0.02730;0.02995;0.01577;0.01585;0.01665;0.01810;0.02007;0.02241;0.03385;0.03698;0.02800;0.03150;0.03850;0.03696;0.03530;0.03246;0.02976;0.02724;0.02496;0.02299;0.02142;0.02033;0.01981;0.01989;0.02059;0.02183;0.02352;0.02795;0.03983;0.04108;0.04264;0.04443;0.04641;0.05331;0.05586;0.07579;0.07644;0.07720;0.07811;0.08035;0.08168;0.06177;0.07644;0.07855;0.08470;0.03052;0.02457;0.02540;0.02675;0.02847;0.03278;0.03526;0.03790;0.04067;0.04355;0.04867;0.04862;0.04929;0.04999;0.03162;0.03225;0.03331;0.03469;0.04518;0.05048;0.05327;0.06674;0.06753;0.06855;0.06974;0.07108;0.07257;0.07419;0.07594;0.04563;0.04529;0.04519;0.04580;0.04650;0.04744;0.04862;0.06275
0.00768;0.01112;0.01791;0.03525;0.04921;0.05270;0.05377;0.00685;0.00350;0.00000;0.01765;0.01693;0.03125;0.03425;0.03734;0.04049;0.01842;0.01856;0.01934;0.02068;0.02249;0.02467;0.02713;0.01655;0.01616;0.01636;0.01729;0.01882;0.02084;0.03161;0.03467;0.02450;0.02800;0.03500;0.03790;0.03620;0.03328;0.03049;0.02785;0.02542;0.02327;0.02148;0.02014;0.01934;0.01917;0.01962;0.02067;0.02223;0.02647;0.03828;0.03929;0.04063;0.04222;0.04402;0.05053;0.05298;0.07644;0.07694;0.07754;0.07829;0.08024;0.08143;0.06259;0.07525;0.07725;0.08418;0.02900;0.02468;0.02510;0.02601;0.02734;0.03104;0.03328;0.03573;0.03835;0.04109;0.04939;0.04913;0.04931;0.04978;0.03222;0.03251;0.03322;0.03427;0.04357;0.04857;0.05124;0.06708;0.06770;0.06856;0.06958;0.07076;0.07209;0.07356;0.07517;0.04574;0.04519;0.04483;0.04494;0.04540;0.04612;0.04709;0.06104
0.01694;0.01863;0.02203;0.03549;0.04816;0.05144;0.06511;0.01648;0.01662;0.01765;0.00000;0.00350;0.03150;0.03500;0.03850;0.04200;0.02258;0.02378;0.02548;0.02753;0.02985;0.03238;0.03508;0.03151;0.03210;0.03322;0.03465;0.03636;0.03832;0.04794;0.05066;0.03530;0.03844;0.04488;0.02181;0.01995;0.01677;0.01374;0.01100;0.00881;0.00766;0.00803;0.00972;0.01222;0.01511;0.01822;0.02145;0.02476;0.03149;0.04337;0.04467;0.04629;0.04810;0.05010;0.05697;0.05949;0.08819;0.08900;0.08989;0.09090;0.09329;0.09465;0.07125;0.08645;0.08850;0.09770;0.03490;0.04105;0.04199;0.04333;0.04489;0.04864;0.05077;0.05304;0.05545;0.05796;0.06153;0.06189;0.06320;0.06413;0.04645;0.04746;0.04882;0.05038;0.06068;0.06566;0.06829;0.08104;0.08200;0.08319;0.08451;0.08594;0.08750;0.08916;0.09093;0.06184;0.06170;0.06172;0.06236;0.06296;0.06376;0.06473;0.07710
0.01777;0.01998;0.02412;0.03829;0.05114;0.05444;0.06583;0.01716;0.01659;0.01693;0.00350;0.00000;0.02800;0.03150;0.03500;0.03850;0.02213;0.02287;0.02414;0.02583;0.02785;0.03015;0.03266;0.03180;0.03217;0.03301;0.03420;0.03569;0.03745;0.04649;0.04912;0.03242;0.03547;0.04179;0.02245;0.02055;0.01726;0.01408;0.01109;0.00850;0.00678;0.00665;0.00818;0.01069;0.01364;0.01680;0.02007;0.02341;0.03020;0.04151;0.04261;0.04403;0.04568;0.04753;0.05406;0.05651;0.08869;0.08936;0.09012;0.09100;0.09314;0.09438;0.07177;0.08524;0.08718;0.09720;0.03363;0.04114;0.04184;0.04290;0.04422;0.04752;0.04946;0.05156;0.05381;0.05619;0.06202;0.06221;0.06315;0.06391;0.04680;0.04759;0.04872;0.05007;0.05952;0.06425;0.06677;0.08132;0.08216;0.08321;0.08439;0.08569;0.08712;0.08866;0.09032;0.06201;0.06172;0.06156;0.06184;0.06227;0.06290;0.06371;0.07572
0.03789;0.04130;0.04736;0.06338;0.07666;0.08002;0.07741;0.03695;0.03405;0.03125;0.03150;0.02800;0.00000;0.00350;0.00700;0.01050;0.03497;0.03281;0.03070;0.02887;0.02737;0.02625;0.02556;0.04529;0.04433;0.04336;0.04267;0.04225;0.04212;0.04445;0.04569;0.01955;0.01988;0.02224;0.04002;0.03857;0.03613;0.03389;0.03187;0.03012;0.02870;0.02764;0.02701;0.02681;0.02708;0.02778;0.02890;0.03038;0.03423;0.03662;0.03546;0.03451;0.03390;0.03364;0.03502;0.03615;0.09732;0.09699;0.09673;0.09659;0.09671;0.09695;0.08150;0.08053;0.08142;0.09782;0.03651;0.05150;0.05049;0.04950;0.04875;0.04799;0.04798;0.04824;0.04874;0.04948;0.07230;0.07136;0.06961;0.06899;0.05787;0.05714;0.05658;0.05623;0.05772;0.05975;0.06105;0.08882;0.08865;0.08860;0.08870;0.08894;0.08931;0.08982;0.09046;0.07015;0.06879;0.06735;0.06494;0.06398;0.06321;0.06262;0.07037
0.04106;0.04449;0.05061;0.06668;0.07997;0.08332;0.07944;0.04012;0.03715;0.03425;0.03500;0.03150;0.00350;0.00000;0.00350;0.00700;0.03775;0.03544;0.03314;0.03106;0.02926;0.02778;0.02669;0.04786;0.04681;0.04571;0.04486;0.04427;0.04395;0.04542;0.04645;0.02022;0.01994;0.02118;0.04300;0.04161;0.03927;0.03711;0.03518;0.03349;0.03211;0.03105;0.03037;0.03008;0.03020;0.03071;0.03161;0.03286;0.03625;0.03747;0.03603;0.03475;0.03380;0.03318;0.03353;0.03437;0.09891;0.09846;0.09809;0.09784;0.09771;0.09783;0.08330;0.08061;0.08135;0.09846;0.03832;0.05369;0.05253;0.05135;0.05040;0.04918;0.04894;0.04894;0.04920;0.04970;0.07423;0.07318;0.07116;0.07039;0.06003;0.05916;0.05843;0.05791;0.05844;0.06009;0.06120;0.09033;0.09004;0.08987;0.08984;0.08995;0.09019;0.09057;0.09108;0.07188;0.07042;0.06885;0.06615;0.06505;0.06411;0.06336;0.07046
0.04428;0.04772;0.05389;0.07000;0.08329;0.08665;0.08156;0.04333;0.04032;0.03734;0.03850;0.03500;0.00700;0.00350;0.00000;0.00350;0.04064;0.03821;0.03575;0.03347;0.03142;0.02965;0.02820;0.05055;0.04942;0.04820;0.04721;0.04646;0.04596;0.04664;0.04745;0.02144;0.02060;0.02066;0.04605;0.04471;0.04246;0.04039;0.03852;0.03689;0.03554;0.03448;0.03376;0.03339;0.03339;0.03375;0.03447;0.03551;0.03849;0.03861;0.03692;0.03534;0.03405;0.03309;0.03236;0.03286;0.10059;0.10003;0.09955;0.09919;0.09883;0.09883;0.08521;0.08084;0.08143;0.09922;0.04035;0.05601;0.05471;0.05337;0.05222;0.05059;0.05011;0.04989;0.04990;0.05016;0.07627;0.07511;0.07284;0.07193;0.06231;0.06132;0.06044;0.05975;0.05936;0.06063;0.06156;0.09194;0.09154;0.09126;0.09110;0.09109;0.09120;0.09145;0.09183;0.07373;0.07217;0.07048;0.06753;0.06628;0.06519;0.06428;0.07072
0.04753;0.05099;0.05719;0.07333;0.08663;0.08998;0.08378;0.04659;0.04353;0.04049;0.04200;0.03850;0.01050;0.00700;0.00350;0.00000;0.04362;0.04109;0.03850;0.03606;0.03381;0.03179;0.03005;0.05334;0.05213;0.05080;0.04969;0.04880;0.04815;0.04807;0.04869;0.02314;0.02181;0.02073;0.04916;0.04787;0.04569;0.04369;0.04189;0.04031;0.03898;0.03793;0.03717;0.03674;0.03664;0.03687;0.03743;0.03831;0.04090;0.04003;0.03811;0.03626;0.03467;0.03336;0.03153;0.03168;0.10236;0.10170;0.10111;0.10064;0.10005;0.09994;0.08721;0.08122;0.08166;0.10009;0.04257;0.05845;0.05703;0.05553;0.05421;0.05219;0.05151;0.05105;0.05084;0.05086;0.07842;0.07716;0.07464;0.07360;0.06471;0.06360;0.06257;0.06173;0.06047;0.06136;0.06211;0.09366;0.09316;0.09275;0.09248;0.09234;0.09233;0.09246;0.09271;0.07569;0.07405;0.07225;0.06905;0.06767;0.06644;0.06538;0.07115
0.01990;0.02004;0.02202;0.03349;0.04552;0.04869;0.06914;0.01988;0.01884;0.01842;0.02258;0.02213;0.03497;0.03775;0.04064;0.04362;0.00000;0.00325;0.00675;0.01025;0.01375;0.01725;0.02075;0.03064;0.02963;0.02865;0.02806;0.02791;0.02820;0.03323;0.03525;0.03022;0.03306;0.03907;0.04344;0.04147;0.03804;0.03461;0.03121;0.02782;0.02447;0.02117;0.01794;0.01484;0.01195;0.00949;0.00787;0.00763;0.01114;0.05477;0.05527;0.05602;0.05696;0.05810;0.06259;0.06440;0.09199;0.09259;0.09329;0.09410;0.09610;0.09728;0.07989;0.09220;0.09400;0.09995;0.01393;0.03473;0.03513;0.03592;0.03702;0.04005;0.04193;0.04400;0.04625;0.04864;0.06499;0.06469;0.06474;0.06505;0.04646;0.04663;0.04709;0.04781;0.05472;0.05873;0.06094;0.08107;0.08167;0.08247;0.08341;0.08449;0.08569;0.08702;0.08847;0.05580;0.05476;0.05402;0.05319;0.05312;0.05328;0.05367;0.07370
0.02124;0.02183;0.02449;0.03656;0.04865;0.05182;0.06977;0.02110;0.01958;0.01856;0.02378;0.02287;0.03281;0.03544;0.03821;0.04109;0.00325;0.00000;0.00350;0.00700;0.01050;0.01400;0.01750;0.03118;0.02996;0.02867;0.02778;0.02731;0.02728;0.03135;0.03322;0.02757;0.03029;0.03613;0.04446;0.04248;0.03901;0.03555;0.03210;0.02866;0.02523;0.02183;0.01847;0.01516;0.01197;0.00901;0.00661;0.00553;0.00883;0.05378;0.05410;0.05466;0.05543;0.05641;0.06047;0.06216;0.09236;0.09285;0.09342;0.09412;0.09589;0.09695;0.08039;0.09119;0.09289;0.09941;0.01176;0.03492;0.03504;0.03551;0.03631;0.03883;0.04048;0.04236;0.04443;0.04668;0.06543;0.06499;0.06469;0.06483;0.04685;0.04681;0.04704;0.04754;0.05349;0.05721;0.05929;0.08123;0.08171;0.08237;0.08318;0.08413;0.08521;0.08642;0.08775;0.05587;0.05467;0.05373;0.05251;0.05225;0.05221;0.05241;0.07229
0.02310;0.02410;0.02733;0.03988;0.05203;0.05520;0.07060;0.02285;0.02090;0.01934;0.02548;0.02414;0.03070;0.03314;0.03575;0.03850;0.00675;0.00350;0.00000;0.00350;0.00700;0.01050;0.01400;0.03209;0.03067;0.02909;0.02787;0.02705;0.02667;0.02956;0.03123;0.02487;0.02741;0.03302;0.04581;0.04383;0.04035;0.03688;0.03341;0.02995;0.02650;0.02306;0.01965;0.01627;0.01296;0.00979;0.00693;0.00498;0.00719;0.05291;0.05304;0.05338;0.05395;0.05474;0.05831;0.05986;0.09287;0.09323;0.09367;0.09424;0.09576;0.09670;0.08105;0.09020;0.09179;0.09893;0.01010;0.03543;0.03526;0.03538;0.03585;0.03775;0.03914;0.04078;0.04265;0.04471;0.06607;0.06546;0.06480;0.06476;0.04750;0.04723;0.04722;0.04747;0.05233;0.05571;0.05765;0.08152;0.08186;0.08238;0.08305;0.08386;0.08480;0.08588;0.08708;0.05613;0.05476;0.05362;0.05197;0.05149;0.05123;0.05122;0.07089
0.02531;0.02664;0.03031;0.04324;0.05542;0.05859;0.07159;0.02497;0.02270;0.02068;0.02753;0.02583;0.02887;0.03106;0.03347;0.03606;0.01025;0.00700;0.00350;0.00000;0.00350;0.00700;0.01050;0.03336;0.03175;0.02992;0.02840;0.02725;0.02651;0.02809;0.02953;0.02239;0.02469;0.03000;0.04738;0.04540;0.04194;0.03847;0.03502;0.03157;0.02814;0.02473;0.02134;0.01800;0.01474;0.01161;0.00877;0.00659;0.00708;0.05227;0.05218;0.05231;0.05266;0.05324;0.05628;0.05768;0.09351;0.09374;0.09405;0.09449;0.09576;0.09658;0.08186;0.08933;0.09081;0.09856;0.00950;0.03628;0.03581;0.03560;0.03572;0.03698;0.03808;0.03946;0.04109;0.04295;0.06688;0.06612;0.06510;0.06487;0.04839;0.04791;0.04765;0.04766;0.05138;0.05440;0.05617;0.08197;0.08217;0.08254;0.08306;0.08373;0.08453;0.08547;0.08655;0.05661;0.05508;0.05373;0.05166;0.05095;0.05048;0.05025;0.06964
0.02779;0.02937;0.03338;0.04662;0.05883;0.06200;0.07274;0.02737;0.02486;0.02249;0.02985;0.02785;0.02737;0.02926;0.03142;0.03381;0.01375;0.01050;0.00700;0.00350;0.00000;0.00350;0.00700;0.03493;0.03317;0.03112;0.02934;0.02788;0.02681;0.02700;0.02816;0.02022;0.02220;0.02710;0.04915;0.04719;0.04375;0.04031;0.03689;0.03349;0.03010;0.02675;0.02344;0.02020;0.01706;0.01408;0.01141;0.00931;0.00854;0.05185;0.05155;0.05145;0.05158;0.05195;0.05440;0.05564;0.09427;0.09437;0.09456;0.09487;0.09589;0.09658;0.08280;0.08860;0.08995;0.09833;0.01014;0.03743;0.03670;0.03615;0.03594;0.03653;0.03731;0.03840;0.03978;0.04140;0.06786;0.06696;0.06559;0.06517;0.04951;0.04882;0.04834;0.04810;0.05066;0.05328;0.05488;0.08255;0.08262;0.08285;0.08323;0.08375;0.08441;0.08521;0.08615;0.05730;0.05561;0.05408;0.05159;0.05066;0.04996;0.04950;0.06854
0.03046;0.03225;0.03654;0.05001;0.06225;0.06542;0.07403;0.03000;0.02730;0.02467;0.03238;0.03015;0.02625;0.02778;0.02965;0.03179;0.01725;0.01400;0.01050;0.00700;0.00350;0.00000;0.00350;0.03676;0.03489;0.03265;0.03065;0.02893;0.02756;0.02634;0.02718;0.01846;0.02001;0.02435;0.05110;0.04916;0.04575;0.04236;0.03899;0.03564;0.03233;0.02906;0.02585;0.02272;0.01973;0.01692;0.01443;0.01242;0.01097;0.05167;0.05115;0.05081;0.05071;0.05086;0.05269;0.05374;0.09516;0.09513;0.09519;0.09538;0.09614;0.09671;0.08388;0.08800;0.08923;0.09821;0.01184;0.03886;0.03788;0.03703;0.03649;0.03641;0.03687;0.03765;0.03873;0.04009;0.06900;0.06796;0.06625;0.06566;0.05085;0.04997;0.04926;0.04879;0.05017;0.05238;0.05379;0.08328;0.08322;0.08330;0.08354;0.08391;0.08444;0.08510;0.08590;0.05819;0.05636;0.05464;0.05175;0.05061;0.04969;0.04900;0.06760
0.03330;0.03525;0.03975;0.05342;0.06567;0.06884;0.07547;0.03278;0.02995;0.02713;0.03508;0.03266;0.02556;0.02669;0.02820;0.03005;0.02075;0.01750;0.01400;0.01050;0.00700;0.00350;0.00000;0.03883;0.03686;0.03447;0.03229;0.03035;0.02871;0.02613;0.02662;0.01723;0.01823;0.02183;0.05321;0.05129;0.04793;0.04459;0.04128;0.03800;0.03476;0.03159;0.02848;0.02548;0.02262;0.01997;0.01762;0.01570;0.01386;0.05173;0.05099;0.05042;0.05008;0.04999;0.05116;0.05202;0.09616;0.09601;0.09595;0.09601;0.09652;0.09697;0.08510;0.08754;0.08863;0.09822;0.01420;0.04055;0.03935;0.03821;0.03736;0.03662;0.03675;0.03721;0.03799;0.03906;0.07031;0.06913;0.06709;0.06633;0.05239;0.05133;0.05041;0.04972;0.04992;0.05169;0.05290;0.08415;0.08396;0.08390;0.08399;0.08422;0.08460;0.08512;0.08579;0.05927;0.05731;0.05542;0.05215;0.05080;0.04965;0.04874;0.06684
0.01539;0.01601;0.02014;0.03475;0.04786;0.05121;0.03860;0.01553;0.01577;0.01655;0.03151;0.03180;0.04529;0.04786;0.05055;0.05334;0.03064;0.03118;0.03209;0.03336;0.03493;0.03676;0.03883;0.00000;0.00269;0.00619;0.00969;0.01319;0.01669;0.03069;0.03419;0.03373;0.03686;0.04330;0.04972;0.04833;0.04599;0.04380;0.04179;0.03998;0.03841;0.03710;0.03609;0.03540;0.03504;0.03503;0.03537;0.03605;0.03833;0.04053;0.04204;0.04385;0.04586;0.04805;0.05541;0.05808;0.06139;0.06205;0.06286;0.06385;0.06634;0.06783;0.05019;0.06701;0.06938;0.07122;0.03989;0.01104;0.01252;0.01483;0.01754;0.02358;0.02678;0.03005;0.03336;0.03671;0.03435;0.03413;0.03484;0.03570;0.01618;0.01685;0.01825;0.02016;0.03378;0.04009;0.04332;0.05137;0.05221;0.05334;0.05466;0.05618;0.05787;0.05971;0.06170;0.03040;0.03046;0.03086;0.03279;0.03425;0.03600;0.03799;0.05143
0.01598;0.01676;0.02110;0.03585;0.04897;0.05232;0.03997;0.01607;0.01585;0.01616;0.03210;0.03217;0.04433;0.04681;0.04942;0.05213;0.02963;0.02996;0.03067;0.03175;0.03317;0.03489;0.03686;0.00269;0.00000;0.00350;0.00700;0.01050;0.01400;0.02800;0.03150;0.03190;0.03499;0.04135;0.05086;0.04942;0.04695;0.04463;0.04247;0.04050;0.03874;0.03723;0.03600;0.03508;0.03448;0.03424;0.03435;0.03482;0.03675;0.04083;0.04214;0.04377;0.04561;0.04763;0.05460;0.05717;0.06242;0.06297;0.06367;0.06455;0.06683;0.06821;0.05179;0.06712;0.06940;0.07141;0.03816;0.00960;0.01067;0.01272;0.01530;0.02127;0.02446;0.02772;0.03104;0.03439;0.03552;0.03509;0.03531;0.03593;0.01696;0.01716;0.01808;0.01959;0.03218;0.03831;0.04148;0.05184;0.05254;0.05352;0.05470;0.05608;0.05764;0.05937;0.06124;0.02985;0.02962;0.02974;0.03119;0.03246;0.03404;0.03590;0.05028
0.01737;0.01828;0.02274;0.03746;0.05053;0.05387;0.04194;0.01740;0.01665;0.01636;0.03322;0.03301;0.04336;0.04571;0.04820;0.05080;0.02865;0.02867;0.02909;0.02992;0.03112;0.03265;0.03447;0.00619;0.00350;0.00000;0.00350;0.00700;0.01050;0.02450;0.02800;0.02980;0.03278;0.03900;0.05256;0.05105;0.04845;0.04597;0.04363;0.04146;0.03948;0.03772;0.03621;0.03499;0.03409;0.03353;0.03333;0.03350;0.03490;0.04155;0.04262;0.04399;0.04559;0.04740;0.05382;0.05624;0.06389;0.06431;0.06487;0.06561;0.06762;0.06887;0.05402;0.06748;0.06963;0.07182;0.03609;0.00860;0.00889;0.01036;0.01266;0.01843;0.02159;0.02484;0.02815;0.03150;0.03728;0.03660;0.03622;0.03653;0.01850;0.01816;0.01846;0.01939;0.03034;0.03619;0.03925;0.05264;0.05316;0.05395;0.05495;0.05615;0.05754;0.05910;0.06083;0.02945;0.02883;0.02857;0.02932;0.03030;0.03164;0.03329;0.04900
0.01930;0.02030;0.02477;0.03932;0.05227;0.05559;0.04409;0.01927;0.01810;0.01729;0.03465;0.03420;0.04267;0.04486;0.04721;0.04969;0.02806;0.02778;0.02787;0.02840;0.02934;0.03065;0.03229;0.00969;0.00700;0.00350;0.00000;0.00350;0.00700;0.02100;0.02450;0.02797;0.03081;0.03683;0.05443;0.05286;0.05014;0.04753;0.04504;0.04269;0.04051;0.03852;0.03676;0.03526;0.03405;0.03318;0.03265;0.03250;0.03331;0.04256;0.04338;0.04449;0.04585;0.04742;0.05326;0.05551;0.06552;0.06581;0.06623;0.06684;0.06858;0.06970;0.05638;0.06802;0.07004;0.07239;0.03425;0.00896;0.00828;0.00880;0.01053;0.01585;0.01892;0.02212;0.02540;0.02874;0.03928;0.03836;0.03744;0.03746;0.02054;0.01973;0.01946;0.01982;0.02880;0.03429;0.03723;0.05366;0.05400;0.05460;0.05541;0.05643;0.05765;0.05905;0.06061;0.02946;0.02846;0.02779;0.02777;0.02841;0.02946;0.03087;0.04793
0.02163;0.02269;0.02710;0.04139;0.05419;0.05748;0.04642;0.02156;0.02007;0.01882;0.03636;0.03569;0.04225;0.04427;0.04646;0.04880;0.02791;0.02731;0.02705;0.02725;0.02788;0.02893;0.03035;0.01319;0.01050;0.00700;0.00350;0.00000;0.00350;0.01750;0.02100;0.02648;0.02913;0.03489;0.05646;0.05483;0.05202;0.04929;0.04667;0.04416;0.04181;0.03962;0.03763;0.03587;0.03438;0.03319;0.03234;0.03185;0.03203;0.04382;0.04440;0.04526;0.04636;0.04770;0.05292;0.05499;0.06730;0.06745;0.06775;0.06823;0.06971;0.07070;0.05886;0.06873;0.07063;0.07314;0.03268;0.01055;0.00909;0.00849;0.00927;0.01369;0.01658;0.01966;0.02287;0.02615;0.04147;0.04036;0.03893;0.03868;0.02293;0.02176;0.02101;0.02083;0.02763;0.03266;0.03543;0.05488;0.05505;0.05547;0.05610;0.05693;0.05797;0.05919;0.06060;0.02988;0.02851;0.02745;0.02659;0.02685;0.02756;0.02867;0.04711
0.02425;0.02533;0.02967;0.04364;0.05626;0.05951;0.04888;0.02414;0.02241;0.02084;0.03832;0.03745;0.04212;0.04395;0.04596;0.04815;0.02820;0.02728;0.02667;0.02651;0.02681;0.02756;0.02871;0.01669;0.01400;0.01050;0.00700;0.00350;0.00000;0.01400;0.01750;0.02538;0.02779;0.03319;0.05863;0.05695;0.05405;0.05123;0.04849;0.04586;0.04335;0.04098;0.03879;0.03680;0.03505;0.03357;0.03240;0.03159;0.03109;0.04532;0.04567;0.04628;0.04714;0.04824;0.05281;0.05470;0.06920;0.06924;0.06942;0.06977;0.07099;0.07185;0.06144;0.06961;0.07137;0.07404;0.03142;0.01291;0.01101;0.00955;0.00925;0.01216;0.01469;0.01756;0.02062;0.02381;0.04384;0.04255;0.04067;0.04017;0.02557;0.02413;0.02300;0.02236;0.02687;0.03134;0.03390;0.05630;0.05631;0.05654;0.05698;0.05764;0.05850;0.05955;0.06079;0.03071;0.02899;0.02754;0.02584;0.02568;0.02598;0.02675;0.04654
0.03622;0.03735;0.04132;0.05400;0.06576;0.06884;0.05977;0.03604;0.03385;0.03161;0.04794;0.04649;0.04445;0.04542;0.04664;0.04807;0.03323;0.03135;0.02956;0.02809;0.02700;0.02634;0.02613;0.03069;0.02800;0.02450;0.02100;0.01750;0.01400;0.00000;0.00350;0.02574;0.02670;0.02977;0.06840;0.06661;0.06349;0.06040;0.05737;0.05438;0.05147;0.04863;0.04588;0.04325;0.04074;0.03839;0.03622;0.03428;0.03121;0.05322;0.05279;0.05253;0.05250;0.05270;0.05466;0.05574;0.07793;0.07755;0.07730;0.07721;0.07749;0.07787;0.07252;0.07469;0.07592;0.07909;0.03018;0.02516;0.02281;0.02031;0.01814;0.01535;0.01502;0.01549;0.01671;0.01851;0.05453;0.05274;0.04954;0.04824;0.03758;0.03553;0.03351;0.03175;0.02830;0.02982;0.03115;0.06359;0.06303;0.06262;0.06240;0.06238;0.06256;0.06293;0.06349;0.03724;0.03458;0.03201;0.02748;0.02563;0.02416;0.02312;0.04685
0.03943;0.04055;0.04444;0.05684;0.06838;0.07141;0.06269;0.03924;0.03698;0.03467;0.05066;0.04912;0.04569;0.04645;0.04745;0.04869;0.03525;0.03322;0.03123;0.02953;0.02816;0.02718;0.02662;0.03419;0.03150;0.02800;0.02450;0.02100;0.01750;0.00350;0.00000;0.02699;0.02755;0.02989;0.07107;0.06926;0.06610;0.06297;0.05989;0.05686;0.05388;0.05097;0.04813;0.04539;0.04276;0.04027;0.03793;0.03578;0.03221;0.05557;0.05499;0.05454;0.05432;0.05432;0.05567;0.05654;0.08035;0.07988;0.07954;0.07934;0.07942;0.07969;0.07544;0.07631;0.07741;0.08069;0.03086;0.02848;0.02611;0.02354;0.02124;0.01785;0.01701;0.01686;0.01743;0.01865;0.05743;0.05555;0.05211;0.05067;0.04078;0.03865;0.03650;0.03459;0.02969;0.03045;0.03142;0.06575;0.06507;0.06452;0.06416;0.06399;0.06401;0.06422;0.06462;0.03949;0.03669;0.03394;0.02895;0.02679;0.02494;0.02347;0.04758
0.03215;0.03533;0.04170;0.05826;0.07183;0.07525;0.06573;0.03135;0.02800;0.02450;0.03530;0.03242;0.01955;0.02022;0.02144;0.02314;0.03022;0.02757;0.02487;0.02239;0.02022;0.01846;0.01723;0.03373;0.03190;0.02980;0.02797;0.02648;0.02538;0.02574;0.02699;0.00000;0.00350;0.01050;0.05115;0.04949;0.04663;0.04386;0.04120;0.03867;0.03631;0.03414;0.03221;0.03056;0.02923;0.02828;0.02774;0.02764;0.02874;0.03610;0.03500;0.03410;0.03354;0.03334;0.03492;0.03611;0.08496;0.08445;0.08404;0.08378;0.08368;0.08386;0.07289;0.07134;0.07231;0.08463;0.02990;0.03653;0.03480;0.03300;0.03149;0.02950;0.02909;0.02910;0.02953;0.03036;0.06019;0.05873;0.05599;0.05491;0.04460;0.04315;0.04182;0.04074;0.03977;0.04150;0.04277;0.07420;0.07374;0.07343;0.07328;0.07329;0.07347;0.07382;0.07433;0.05343;0.05160;0.04970;0.04646;0.04515;0.04409;0.04329;0.05417
0.03565;0.03881;0.04516;0.06164;0.07516;0.07857;0.06799;0.03485;0.03150;0.02800;0.03844;0.03547;0.01988;0.01994;0.02060;0.02181;0.03306;0.03029;0.02741;0.02469;0.02220;0.02001;0.01823;0.03686;0.03499;0.03278;0.03081;0.02913;0.02779;0.02670;0.02755;0.00350;0.00000;0.00700;0.05369;0.05206;0.04924;0.04651;0.04390;0.04141;0.03908;0.03694;0.03501;0.03334;0.03197;0.03094;0.03028;0.03001;0.03069;0.03713;0.03574;0.03451;0.03360;0.03304;0.03356;0.03445;0.08668;0.08605;0.08551;0.08511;0.08474;0.08478;0.07490;0.07145;0.07226;0.08527;0.03161;0.03919;0.03731;0.03530;0.03353;0.03090;0.03012;0.02972;0.02974;0.03017;0.06237;0.06079;0.05774;0.05648;0.04715;0.04555;0.04403;0.04274;0.04043;0.04159;0.04258;0.07581;0.07522;0.07475;0.07445;0.07431;0.07433;0.07452;0.07487;0.05533;0.05338;0.05132;0.04771;0.04619;0.04490;0.04385;0.05403
0.04265;0.04579;0.05209;0.06844;0.08186;0.08524;0.07280;0.04185;0.03850;0.03500;0.04488;0.04179;0.02224;0.02118;0.02066;0.02073;0.03907;0.03613;0.03302;0.03000;0.02710;0.02435;0.02183;0.04330;0.04135;0.03900;0.03683;0.03489;0.03319;0.02977;0.02989;0.01050;0.00700;0.00000;0.05907;0.05749;0.05476;0.05212;0.04960;0.04719;0.04493;0.04284;0.04094;0.03926;0.03783;0.03668;0.03583;0.03532;0.03532;0.04002;0.03815;0.03634;0.03479;0.03354;0.03186;0.03205;0.09042;0.08955;0.08878;0.08813;0.08725;0.08701;0.07924;0.07219;0.07266;0.08697;0.03583;0.04487;0.04275;0.04041;0.03826;0.03461;0.03319;0.03210;0.03135;0.03099;0.06707;0.06528;0.06168;0.06011;0.05258;0.05074;0.04891;0.04727;0.04259;0.04263;0.04307;0.07940;0.07856;0.07781;0.07722;0.07678;0.07650;0.07638;0.07642;0.05957;0.05741;0.05509;0.05084;0.04896;0.04726;0.04577;0.05443
0.03699;0.03855;0.04087;0.05060;0.06094;0.06375;0.07633;0.03655;0.03696;0.03790;0.02181;0.02245;0.04002;0.04300;0.04605;0.04916;0.04344;0.04446;0.04581;0.04738;0.04915;0.05110;0.05321;0.04972;0.05086;0.05256;0.05443;0.05646;0.05863;0.06840;0.07107;0.05115;0.05369;0.05907;0.00000;0.00200;0.00550;0.00900;0.01250;0.01600;0.01950;0.02300;0.02650;0.03000;0.03350;0.03700;0.04050;0.04400;0.05100;0.04736;0.04891;0.05078;0.05281;0.05499;0.06226;0.06488;0.09816;0.09907;0.10004;0.10112;0.10359;0.10498;0.07776;0.09333;0.09535;0.10805;0.05450;0.06033;0.06135;0.06268;0.06418;0.06763;0.06955;0.07159;0.07375;0.07600;0.07347;0.07426;0.07628;0.07750;0.06220;0.06355;0.06521;0.06701;0.07777;0.08272;0.08531;0.09426;0.09540;0.09676;0.09822;0.09979;0.10145;0.10320;0.10504;0.07969;0.07996;0.08028;0.08137;0.08214;0.08304;0.08409;0.09162
0.03539;0.03697;0.03936;0.04935;0.05988;0.06272;0.07572;0.03494;0.03530;0.03620;0.01995;0.02055;0.03857;0.04161;0.04471;0.04787;0.04147;0.04248;0.04383;0.04540;0.04719;0.04916;0.05129;0.04833;0.04942;0.05105;0.05286;0.05483;0.05695;0.06661;0.06926;0.04949;0.05206;0.05749;0.00200;0.00000;0.00350;0.00700;0.01050;0.01400;0.01750;0.02100;0.02450;0.02800;0.03150;0.03500;0.03850;0.04200;0.04900;0.04688;0.04838;0.05020;0.05219;0.05433;0.06151;0.06411;0.09771;0.09860;0.09955;0.10061;0.10306;0.10443;0.07757;0.09294;0.09495;0.10748;0.05250;0.05886;0.05986;0.06117;0.06266;0.06608;0.06800;0.07004;0.07219;0.07445;0.07277;0.07351;0.07543;0.07662;0.06109;0.06240;0.06402;0.06579;0.07642;0.08135;0.08392;0.09348;0.09459;0.09592;0.09736;0.09890;0.10054;0.10228;0.10410;0.07841;0.07863;0.07891;0.07992;0.08064;0.08152;0.08253;0.09051
0.03267;0.03429;0.03683;0.04729;0.05815;0.06106;0.07473;0.03220;0.03246;0.03328;0.01677;0.01726;0.03613;0.03927;0.04246;0.04569;0.03804;0.03901;0.04035;0.04194;0.04375;0.04575;0.04793;0.04599;0.04695;0.04845;0.05014;0.05202;0.05405;0.06349;0.06610;0.04663;0.04924;0.05476;0.00550;0.00350;0.00000;0.00350;0.00700;0.01050;0.01400;0.01750;0.02100;0.02450;0.02800;0.03150;0.03500;0.03850;0.04550;0.04618;0.04759;0.04932;0.05123;0.05330;0.06031;0.06286;0.09697;0.09782;0.09874;0.09977;0.10216;0.10351;0.07731;0.09230;0.09429;0.10651;0.04900;0.05634;0.05729;0.05857;0.06002;0.06340;0.06531;0.06734;0.06950;0.07175;0.07162;0.07227;0.07403;0.07514;0.05924;0.06047;0.06201;0.06371;0.07410;0.07897;0.08152;0.09215;0.09322;0.09451;0.09590;0.09740;0.09900;0.10069;0.10248;0.07623;0.07634;0.07654;0.07739;0.07805;0.07887;0.07982;0.08860
0.03011;0.03178;0.03446;0.04540;0.05658;0.05956;0.07390;0.02963;0.02976;0.03049;0.01374;0.01408;0.03389;0.03711;0.04039;0.04369;0.03461;0.03555;0.03688;0.03847;0.04031;0.04236;0.04459;0.04380;0.04463;0.04597;0.04753;0.04929;0.05123;0.06040;0.06297;0.04386;0.04651;0.05212;0.00900;0.00700;0.00350;0.00000;0.00350;0.00700;0.01050;0.01400;0.01750;0.02100;0.02450;0.02800;0.03150;0.03500;0.04200;0.04574;0.04705;0.04867;0.05049;0.05247;0.05928;0.06178;0.09634;0.09717;0.09805;0.09905;0.10138;0.10271;0.07722;0.09180;0.09376;0.10566;0.04550;0.05394;0.05484;0.05606;0.05747;0.06080;0.06270;0.06472;0.06687;0.06913;0.07063;0.07118;0.07277;0.07379;0.05755;0.05869;0.06014;0.06176;0.07188;0.07668;0.07920;0.09095;0.09197;0.09320;0.09454;0.09599;0.09755;0.09921;0.10096;0.07414;0.07416;0.07426;0.07495;0.07554;0.07628;0.07718;0.08679
0.02777;0.02947;0.03231;0.04372;0.05519;0.05823;0.07322;0.02727;0.02724;0.02785;0.01100;0.01109;0.03187;0.03518;0.03852;0.04189;0.03121;0.03210;0.03341;0.03502;0.03689;0.03899;0.04128;0.04179;0.04247;0.04363;0.04504;0.04667;0.04849;0.05737;0.05989;0.04120;0.04390;0.04960;0.01250;0.01050;0.00700;0.00350;0.00000;0.00350;0.00700;0.01050;0.01400;0.01750;0.02100;0.02450;0.02800;0.03150;0.03850;0.04556;0.04676;0.04827;0.04998;0.05187;0.05844;0.06088;0.09585;0.09663;0.09748;0.09845;0.10072;0.10201;0.07728;0.09142;0.09336;0.10491;0.04200;0.05165;0.05249;0.05366;0.05503;0.05830;0.06018;0.06219;0.06433;0.06659;0.06980;0.07025;0.07165;0.07259;0.05602;0.05706;0.05842;0.05995;0.06976;0.07448;0.07697;0.08986;0.09083;0.09200;0.09330;0.09470;0.09621;0.09783;0.09954;0.07217;0.07207;0.07207;0.07259;0.07310;0.07377;0.07460;0.08508
0.02568;0.02741;0.03040;0.04225;0.05399;0.05709;0.07271;0.02518;0.02496;0.02542;0.00881;0.00850;0.03012;0.03349;0.03689;0.04031;0.02782;0.02866;0.02995;0.03157;0.03349;0.03564;0.03800;0.03998;0.04050;0.04146;0.04269;0.04416;0.04586;0.05438;0.05686;0.03867;0.04141;0.04719;0.01600;0.01400;0.01050;0.00700;0.00350;0.00000;0.00350;0.00700;0.01050;0.01400;0.01750;0.02100;0.02450;0.02800;0.03500;0.04566;0.04674;0.04813;0.04972;0.05150;0.05781;0.06017;0.09548;0.09622;0.09703;0.09797;0.10017;0.10144;0.07750;0.09118;0.09308;0.10427;0.03850;0.04951;0.05029;0.05139;0.05271;0.05591;0.05776;0.05976;0.06189;0.06414;0.06913;0.06949;0.07069;0.07155;0.05467;0.05561;0.05686;0.05829;0.06775;0.07238;0.07484;0.08890;0.08981;0.09093;0.09217;0.09352;0.09498;0.09655;0.09822;0.07031;0.07010;0.07000;0.07033;0.07076;0.07135;0.07211;0.08349
0.02393;0.02567;0.02879;0.04104;0.05300;0.05614;0.07236;0.02342;0.02299;0.02327;0.00766;0.00678;0.02870;0.03211;0.03554;0.03898;0.02447;0.02523;0.02650;0.02814;0.03010;0.03233;0.03476;0.03841;0.03874;0.03948;0.04051;0.04181;0.04335;0.05147;0.05388;0.03631;0.03908;0.04493;0.01950;0.01750;0.01400;0.01050;0.00700;0.00350;0.00000;0.00350;0.00700;0.01050;0.01400;0.01750;0.02100;0.02450;0.03150;0.04602;0.04697;0.04823;0.04970;0.05137;0.05738;0.05966;0.09523;0.09594;0.09671;0.09761;0.09974;0.10098;0.07788;0.09107;0.09294;0.10375;0.03500;0.04753;0.04824;0.04927;0.05052;0.05363;0.05546;0.05743;0.05955;0.06179;0.06864;0.06889;0.06990;0.07066;0.05352;0.05434;0.05548;0.05680;0.06587;0.07040;0.07281;0.08807;0.08892;0.08998;0.09116;0.09246;0.09387;0.09539;0.09701;0.06858;0.06825;0.06804;0.06817;0.06851;0.06902;0.06970;0.08202
0.02258;0.02430;0.02754;0.04009;0.05222;0.05539;0.07218;0.02208;0.02142;0.02148;0.00803;0.00665;0.02764;0.03105;0.03448;0.03793;0.02117;0.02183;0.02306;0.02473;0.02675;0.02906;0.03159;0.03710;0.03723;0.03772;0.03852;0.03962;0.04098;0.04863;0.05097;0.03414;0.03694;0.04284;0.02300;0.02100;0.01750;0.01400;0.01050;0.00700;0.00350;0.00000;0.00350;0.00700;0.01050;0.01400;0.01750;0.02100;0.02800;0.04664;0.04747;0.04859;0.04993;0.05148;0.05716;0.05935;0.09512;0.09578;0.09652;0.09738;0.09944;0.10064;0.07841;0.09109;0.09293;0.10335;0.03150;0.04574;0.04636;0.04731;0.04849;0.05150;0.05328;0.05523;0.05733;0.05956;0.06833;0.06847;0.06927;0.06993;0.05258;0.05328;0.05429;0.05550;0.06413;0.06854;0.07090;0.08736;0.08816;0.08915;0.09027;0.09151;0.09287;0.09434;0.09591;0.06699;0.06653;0.06621;0.06613;0.06637;0.06679;0.06739;0.08067
0.02173;0.02339;0.02669;0.03943;0.05167;0.05486;0.07216;0.02124;0.02033;0.02014;0.00972;0.00818;0.02701;0.03037;0.03376;0.03717;0.01794;0.01847;0.01965;0.02134;0.02344;0.02585;0.02848;0.03609;0.03600;0.03621;0.03676;0.03763;0.03879;0.04588;0.04813;0.03221;0.03501;0.04094;0.02650;0.02450;0.02100;0.01750;0.01400;0.01050;0.00700;0.00350;0.00000;0.00350;0.00700;0.01050;0.01400;0.01750;0.02450;0.04751;0.04821;0.04920;0.05040;0.05182;0.05716;0.05924;0.09513;0.09575;0.09645;0.09727;0.09925;0.10042;0.07909;0.09125;0.09305;0.10306;0.02800;0.04415;0.04468;0.04553;0.04664;0.04952;0.05126;0.05317;0.05524;0.05745;0.06819;0.06822;0.06881;0.06937;0.05185;0.05242;0.05330;0.05438;0.06253;0.06680;0.06911;0.08680;0.08753;0.08846;0.08952;0.09070;0.09200;0.09341;0.09493;0.06555;0.06495;0.06452;0.06421;0.06435;0.06467;0.06518;0.07945
0.02141;0.02298;0.02628;0.03908;0.05135;0.05455;0.07232;0.02096;0.01981;0.01934;0.01222;0.01069;0.02681;0.03008;0.03339;0.03674;0.01484;0.01516;0.01627;0.01800;0.02020;0.02272;0.02548;0.03540;0.03508;0.03499;0.03526;0.03587;0.03680;0.04325;0.04539;0.03056;0.03334;0.03926;0.03000;0.02800;0.02450;0.02100;0.01750;0.01400;0.01050;0.00700;0.00350;0.00000;0.00350;0.00700;0.01050;0.01400;0.02100;0.04862;0.04919;0.05004;0.05111;0.05240;0.05737;0.05935;0.09527;0.09585;0.09651;0.09729;0.09920;0.10032;0.07993;0.09154;0.09330;0.10289;0.02450;0.04278;0.04321;0.04396;0.04498;0.04772;0.04940;0.05127;0.05330;0.05548;0.06823;0.06816;0.06853;0.06899;0.05136;0.05179;0.05253;0.05348;0.06109;0.06522;0.06745;0.08637;0.08704;0.08790;0.08889;0.09001;0.09125;0.09260;0.09407;0.06426;0.06353;0.06298;0.06244;0.06246;0.06268;0.06309;0.07837
0.02167;0.02310;0.02634;0.03903;0.05127;0.05446;0.07265;0.02126;0.01989;0.01917;0.01511;0.01364;0.02708;0.03020;0.03339;0.03664;0.01195;0.01197;0.01296;0.01474;0.01706;0.01973;0.02262;0.03504;0.03448;0.03409;0.03405;0.03438;0.03505;0.04074;0.04276;0.02923;0.03197;0.03783;0.03350;0.03150;0.02800;0.02450;0.02100;0.01750;0.01400;0.01050;0.00700;0.00350;0.00000;0.00350;0.00700;0.01050;0.01750;0.04995;0.05040;0.05111;0.05204;0.05319;0.05779;0.05965;0.09554;0.09608;0.09669;0.09743;0.09926;0.10034;0.08090;0.09197;0.09368;0.10284;0.02100;0.04167;0.04199;0.04263;0.04354;0.04611;0.04773;0.04954;0.05153;0.05367;0.06845;0.06827;0.06843;0.06878;0.05110;0.05139;0.05198;0.05279;0.05983;0.06378;0.06594;0.08609;0.08669;0.08748;0.08840;0.08945;0.09063;0.09192;0.09333;0.06315;0.06228;0.06159;0.06081;0.06071;0.06082;0.06113;0.07743
0.02248;0.02373;0.02686;0.03930;0.05143;0.05460;0.07314;0.02211;0.02059;0.01962;0.01822;0.01680;0.02778;0.03071;0.03375;0.03687;0.00949;0.00901;0.00979;0.01161;0.01408;0.01692;0.01997;0.03503;0.03424;0.03353;0.03318;0.03319;0.03357;0.03839;0.04027;0.02828;0.03094;0.03668;0.03700;0.03500;0.03150;0.02800;0.02450;0.02100;0.01750;0.01400;0.01050;0.00700;0.00350;0.00000;0.00350;0.00700;0.01400;0.05148;0.05181;0.05239;0.05319;0.05421;0.05842;0.06017;0.09594;0.09643;0.09700;0.09770;0.09945;0.10049;0.08201;0.09253;0.09420;0.10291;0.01750;0.04083;0.04103;0.04154;0.04234;0.04471;0.04625;0.04800;0.04994;0.05203;0.06885;0.06856;0.06851;0.06875;0.05108;0.05123;0.05166;0.05233;0.05874;0.06251;0.06459;0.08594;0.08647;0.08719;0.08805;0.08903;0.09014;0.09137;0.09272;0.06221;0.06120;0.06038;0.05934;0.05912;0.05911;0.05931;0.07664
0.02377;0.02486;0.02781;0.03988;0.05182;0.05496;0.07380;0.02347;0.02183;0.02067;0.02145;0.02007;0.02890;0.03161;0.03447;0.03743;0.00787;0.00661;0.00693;0.00877;0.01141;0.01443;0.01762;0.03537;0.03435;0.03333;0.03265;0.03234;0.03240;0.03622;0.03793;0.02774;0.03028;0.03583;0.04050;0.03850;0.03500;0.03150;0.02800;0.02450;0.02100;0.01750;0.01400;0.01050;0.00700;0.00350;0.00000;0.00350;0.01050;0.05320;0.05342;0.05387;0.05454;0.05542;0.05925;0.06087;0.09646;0.09691;0.09744;0.09809;0.09976;0.10076;0.08326;0.09321;0.09483;0.10309;0.01400;0.04027;0.04035;0.04073;0.04140;0.04356;0.04501;0.04668;0.04854;0.05058;0.06943;0.06903;0.06876;0.06890;0.05130;0.05131;0.05158;0.05209;0.05785;0.06141;0.06340;0.08594;0.08640;0.08705;0.08783;0.08875;0.08979;0.09095;0.09224;0.06145;0.06030;0.05935;0.05805;0.05770;0.05757;0.05765;0.07601
0.02549;0.02640;0.02915;0.04075;0.05244;0.05554;0.07461;0.02523;0.02352;0.02223;0.02476;0.02341;0.03038;0.03286;0.03551;0.03831;0.00763;0.00553;0.00498;0.00659;0.00931;0.01242;0.01570;0.03605;0.03482;0.03350;0.03250;0.03185;0.03159;0.03428;0.03578;0.02764;0.03001;0.03532;0.04400;0.04200;0.03850;0.03500;0.03150;0.02800;0.02450;0.02100;0.01750;0.01400;0.01050;0.00700;0.00350;0.00000;0.00700;0.05509;0.05520;0.05553;0.05608;0.05683;0.06027;0.06177;0.09710;0.09751;0.09800;0.09861;0.10019;0.10115;0.08463;0.09402;0.09559;0.10340;0.01050;0.04002;0.03997;0.04020;0.04074;0.04266;0.04401;0.04559;0.04737;0.04934;0.07017;0.06967;0.06920;0.06922;0.05175;0.05162;0.05174;0.05210;0.05715;0.06049;0.06238;0.08608;0.08647;0.08705;0.08776;0.08860;0.08957;0.09067;0.09189;0.06089;0.05959;0.05851;0.05694;0.05646;0.05620;0.05615;0.07553
0.02987;0.03046;0.03280;0.04330;0.05435;0.05732;0.07669;0.02971;0.02795;0.02647;0.03149;0.03020;0.03423;0.03625;0.03849;0.04090;0.01114;0.00883;0.00719;0.00708;0.00854;0.01097;0.01386;0.03833;0.03675;0.03490;0.03331;0.03203;0.03109;0.03121;0.03221;0.02874;0.03069;0.03532;0.05100;0.04900;0.04550;0.04200;0.03850;0.03500;0.03150;0.02800;0.02450;0.02100;0.01750;0.01400;0.01050;0.00700;0.00000;0.05931;0.05923;0.05934;0.05965;0.06016;0.06285;0.06411;0.09875;0.09907;0.09948;0.10000;0.10141;0.10228;0.08772;0.09600;0.09748;0.10436;0.00350;0.04042;0.04012;0.04006;0.04031;0.04169;0.04280;0.04416;0.04574;0.04753;0.07215;0.07145;0.07057;0.07039;0.05334;0.05294;0.05276;0.05280;0.05639;0.05923;0.06091;0.08678;0.08704;0.08746;0.08802;0.08872;0.08955;0.09050;0.09158;0.06037;0.05879;0.05744;0.05533;0.05457;0.05404;0.05373;0.07505
0.04240;0.04590;0.05237;0.06900;0.08256;0.08598;0.05332;0.04155;0.03983;0.03828;0.04337;0.04151;0.03662;0.03747;0.03861;0.04003;0.05477;0.05378;0.05291;0.05227;0.05185;0.05167;0.05173;0.04053;0.04083;0.04155;0.04256;0.04382;0.04532;0.05322;0.05557;0.03610;0.03713;0.04002;0.04736;0.04688;0.04618;0.04574;0.04556;0.04566;0.04602;0.04664;0.04751;0.04862;0.04995;0.05148;0.05320;0.05509;0.05931;0.00000;0.00325;0.00675;0.01025;0.01375;0.02425;0.02775;0.06902;0.06839;0.06786;0.06752;0.06737;0.06757;0.05072;0.04832;0.04973;0.06851;0.06161;0.04749;0.04666;0.04590;0.04540;0.04521;0.04551;0.04608;0.04691;0.04798;0.04876;0.04793;0.04641;0.04604;0.04353;0.04299;0.04268;0.04266;0.04667;0.04992;0.05183;0.06525;0.06508;0.06510;0.06530;0.06570;0.06627;0.06702;0.06795;0.05863;0.05840;0.05794;0.05766;0.05784;0.05822;0.05882;0.05217
0.04387;0.04746;0.05407;0.07092;0.08459;0.08803;0.05549;0.04300;0.04108;0.03929;0.04467;0.04261;0.03546;0.03603;0.03692;0.03811;0.05527;0.05410;0.05304;0.05218;0.05155;0.05115;0.05099;0.04204;0.04214;0.04262;0.04338;0.04440;0.04567;0.05279;0.05499;0.03500;0.03574;0.03815;0.04891;0.04838;0.04759;0.04705;0.04676;0.04674;0.04697;0.04747;0.04821;0.04919;0.05040;0.05181;0.05342;0.05520;0.05923;0.00325;0.00000;0.00350;0.00700;0.01050;0.02100;0.02450;0.07083;0.07006;0.06941;0.06893;0.06849;0.06854;0.05309;0.04832;0.04952;0.06918;0.06144;0.04860;0.04760;0.04662;0.04589;0.04523;0.04529;0.04563;0.04623;0.04709;0.05078;0.04979;0.04788;0.04728;0.04523;0.04450;0.04397;0.04371;0.04653;0.04938;0.05110;0.06669;0.06638;0.06624;0.06629;0.06652;0.06693;0.06752;0.06829;0.05970;0.05931;0.05867;0.05800;0.05799;0.05818;0.05859;0.05162
0.04565;0.04931;0.05604;0.07309;0.08685;0.09031;0.05792;0.04476;0.04264;0.04063;0.04629;0.04403;0.03451;0.03475;0.03534;0.03626;0.05602;0.05466;0.05338;0.05231;0.05145;0.05081;0.05042;0.04385;0.04377;0.04399;0.04449;0.04526;0.04628;0.05253;0.05454;0.03410;0.03451;0.03634;0.05078;0.05020;0.04932;0.04867;0.04827;0.04813;0.04823;0.04859;0.04920;0.05004;0.05111;0.05239;0.05387;0.05553;0.05934;0.00675;0.00350;0.00000;0.00350;0.00700;0.01750;0.02100;0.07286;0.07197;0.07118;0.07056;0.06983;0.06972;0.05573;0.04855;0.04953;0.07004;0.06145;0.04998;0.04880;0.04761;0.04665;0.04548;0.04529;0.04538;0.04573;0.04634;0.05307;0.05192;0.04962;0.04881;0.04722;0.04630;0.04554;0.04505;0.04660;0.04899;0.05051;0.06836;0.06790;0.06760;0.06748;0.06754;0.06778;0.06820;0.06880;0.06100;0.06044;0.05961;0.05855;0.05833;0.05832;0.05851;0.05123
0.04763;0.05133;0.05815;0.07535;0.08919;0.09266;0.06046;0.04671;0.04443;0.04222;0.04810;0.04568;0.03390;0.03380;0.03405;0.03467;0.05696;0.05543;0.05395;0.05266;0.05158;0.05071;0.05008;0.04586;0.04561;0.04559;0.04585;0.04636;0.04714;0.05250;0.05432;0.03354;0.03360;0.03479;0.05281;0.05219;0.05123;0.05049;0.04998;0.04972;0.04970;0.04993;0.05040;0.05111;0.05204;0.05319;0.05454;0.05608;0.05965;0.01025;0.00700;0.00350;0.00000;0.00350;0.01400;0.01750;0.07501;0.07400;0.07308;0.07233;0.07131;0.07105;0.05846;0.04903;0.04977;0.07106;0.06165;0.05156;0.05022;0.04883;0.04765;0.04600;0.04556;0.04539;0.04549;0.04585;0.05548;0.05420;0.05155;0.05053;0.04938;0.04829;0.04733;0.04661;0.04694;0.04886;0.05016;0.07016;0.06956;0.06911;0.06883;0.06873;0.06880;0.06906;0.06949;0.06248;0.06175;0.06074;0.05929;0.05887;0.05866;0.05865;0.05108
0.04977;0.05350;0.06039;0.07771;0.09161;0.09509;0.06308;0.04884;0.04641;0.04402;0.05010;0.04753;0.03364;0.03318;0.03309;0.03336;0.05810;0.05641;0.05474;0.05324;0.05195;0.05086;0.04999;0.04805;0.04763;0.04740;0.04742;0.04770;0.04824;0.05270;0.05432;0.03334;0.03304;0.03354;0.05499;0.05433;0.05330;0.05247;0.05187;0.05150;0.05137;0.05148;0.05182;0.05240;0.05319;0.05421;0.05542;0.05683;0.06016;0.01375;0.01050;0.00700;0.00350;0.00000;0.01050;0.01400;0.07725;0.07613;0.07510;0.07422;0.07293;0.07253;0.06127;0.04976;0.05026;0.07223;0.06205;0.05333;0.05184;0.05026;0.04888;0.04678;0.04610;0.04567;0.04551;0.04562;0.05801;0.05660;0.05363;0.05243;0.05168;0.05044;0.04930;0.04838;0.04753;0.04897;0.05005;0.07208;0.07136;0.07076;0.07033;0.07007;0.06998;0.07007;0.07034;0.06410;0.06322;0.06204;0.06023;0.05962;0.05920;0.05899;0.05116
0.05701;0.06077;0.06776;0.08525;0.09924;0.10274;0.07142;0.05606;0.05331;0.05053;0.05697;0.05406;0.03502;0.03353;0.03236;0.03153;0.06259;0.06047;0.05831;0.05628;0.05440;0.05269;0.05116;0.05541;0.05460;0.05382;0.05326;0.05292;0.05281;0.05466;0.05567;0.03492;0.03356;0.03186;0.06226;0.06151;0.06031;0.05928;0.05844;0.05781;0.05738;0.05716;0.05716;0.05737;0.05779;0.05842;0.05925;0.06027;0.06285;0.02425;0.02100;0.01750;0.01400;0.01050;0.00000;0.00350;0.08449;0.08308;0.08174;0.08053;0.07852;0.07774;0.07006;0.05326;0.05311;0.07662;0.06439;0.05955;0.05771;0.05567;0.05378;0.05052;0.04918;0.04806;0.04717;0.04654;0.06612;0.06440;0.06066;0.05902;0.05931;0.05770;0.05610;0.05469;0.05074;0.05079;0.05117;0.07851;0.07744;0.07646;0.07562;0.07493;0.07440;0.07404;0.07384;0.06982;0.06854;0.06692;0.06413;0.06298;0.06201;0.06122;0.05283
0.05963;0.06340;0.07040;0.08790;0.10190;0.10539;0.07432;0.05869;0.05586;0.05298;0.05949;0.05651;0.03615;0.03437;0.03286;0.03168;0.06440;0.06216;0.05986;0.05768;0.05564;0.05374;0.05202;0.05808;0.05717;0.05624;0.05551;0.05499;0.05470;0.05574;0.05654;0.03611;0.03445;0.03205;0.06488;0.06411;0.06286;0.06178;0.06088;0.06017;0.05966;0.05935;0.05924;0.05935;0.05965;0.06017;0.06087;0.06177;0.06411;0.02775;0.02450;0.02100;0.01750;0.01400;0.00350;0.00000;0.08706;0.08556;0.08413;0.08282;0.08061;0.07970;0.07309;0.05483;0.05448;0.07834;0.06552;0.06188;0.05995;0.05778;0.05576;0.05217;0.05065;0.04933;0.04823;0.04736;0.06897;0.06716;0.06322;0.06146;0.06203;0.06033;0.05861;0.05707;0.05223;0.05185;0.05201;0.08084;0.07968;0.07858;0.07762;0.07680;0.07614;0.07564;0.07530;0.07197;0.07057;0.06882;0.06575;0.06444;0.06330;0.06234;0.05383
0.07505;0.07531;0.07714;0.08411;0.09173;0.09386;0.02378;0.07517;0.07579;0.07644;0.08819;0.08869;0.09732;0.09891;0.10059;0.10236;0.09199;0.09236;0.09287;0.09351;0.09427;0.09516;0.09616;0.06139;0.06242;0.06389;0.06552;0.06730;0.06920;0.07793;0.08035;0.08496;0.08668;0.09042;0.09816;0.09771;0.09697;0.09634;0.09585;0.09548;0.09523;0.09512;0.09513;0.09527;0.09554;0.09594;0.09646;0.09710;0.09875;0.06902;0.07083;0.07286;0.07501;0.07725;0.08449;0.08706;0.00000;0.00350;0.00700;0.01050;0.01750;0.02100;0.02371;0.04646;0.04951;0.02800;0.09975;0.05926;0.05959;0.06013;0.06088;0.06292;0.06421;0.06566;0.06726;0.06900;0.02715;0.02745;0.02925;0.03072;0.04562;0.04584;0.04629;0.04700;0.05393;0.05796;0.06018;0.01709;0.01854;0.02057;0.02296;0.02560;0.02843;0.03140;0.03446;0.04484;0.04728;0.04959;0.05458;0.05724;0.05998;0.06280;0.05027
0.07589;0.07629;0.07838;0.08591;0.09387;0.09608;0.02528;0.07597;0.07644;0.07694;0.08900;0.08936;0.09699;0.09846;0.10003;0.10170;0.09259;0.09285;0.09323;0.09374;0.09437;0.09513;0.09601;0.06205;0.06297;0.06431;0.06581;0.06745;0.06924;0.07755;0.07988;0.08445;0.08605;0.08955;0.09907;0.09860;0.09782;0.09717;0.09663;0.09622;0.09594;0.09578;0.09575;0.09585;0.09608;0.09643;0.09691;0.09751;0.09907;0.06839;0.07006;0.07197;0.07400;0.07613;0.08308;0.08556;0.00350;0.00000;0.00350;0.00700;0.01400;0.01750;0.02462;0.04373;0.04670;0.02450;0.10003;0.05975;0.05990;0.06024;0.06079;0.06245;0.06356;0.06484;0.06628;0.06786;0.02801;0.02794;0.02892;0.03002;0.04625;0.04624;0.04645;0.04692;0.05279;0.05650;0.05858;0.01678;0.01764;0.01915;0.02113;0.02348;0.02608;0.02887;0.03180;0.04509;0.04735;0.04946;0.05412;0.05663;0.05923;0.06193;0.04797
0.07683;0.07738;0.07973;0.08779;0.09607;0.09834;0.02710;0.07687;0.07720;0.07754;0.08989;0.09012;0.09673;0.09809;0.09955;0.10111;0.09329;0.09342;0.09367;0.09405;0.09456;0.09519;0.09595;0.06286;0.06367;0.06487;0.06623;0.06775;0.06942;0.07730;0.07954;0.08404;0.08551;0.08878;0.10004;0.09955;0.09874;0.09805;0.09748;0.09703;0.09671;0.09652;0.09645;0.09651;0.09669;0.09700;0.09744;0.09800;0.09948;0.06786;0.06941;0.07118;0.07308;0.07510;0.08174;0.08413;0.00700;0.00350;0.00000;0.00350;0.01050;0.01400;0.02591;0.04108;0.04394;0.02100;0.10039;0.06040;0.06038;0.06052;0.06087;0.06215;0.06307;0.06417;0.06544;0.06687;0.02922;0.02881;0.02898;0.02969;0.04710;0.04687;0.04684;0.04706;0.05183;0.05520;0.05713;0.01721;0.01742;0.01830;0.01978;0.02172;0.02402;0.02658;0.02934;0.04559;0.04767;0.04957;0.05386;0.05621;0.05868;0.06124;0.04580
0.07792;0.07860;0.08120;0.08976;0.09834;0.10067;0.02924;0.07793;0.07811;0.07829;0.09090;0.09100;0.09659;0.09784;0.09919;0.10064;0.09410;0.09412;0.09424;0.09449;0.09487;0.09538;0.09601;0.06385;0.06455;0.06561;0.06684;0.06823;0.06977;0.07721;0.07934;0.08378;0.08511;0.08813;0.10112;0.10061;0.09977;0.09905;0.09845;0.09797;0.09761;0.09738;0.09727;0.09729;0.09743;0.09770;0.09809;0.09861;0.10000;0.06752;0.06893;0.07056;0.07233;0.07422;0.08053;0.08282;0.01050;0.00700;0.00350;0.00000;0.00700;0.01050;0.02759;0.03855;0.04130;0.01750;0.10087;0.06124;0.06106;0.06100;0.06115;0.06204;0.06278;0.06369;0.06479;0.06605;0.03078;0.03006;0.02945;0.02977;0.04819;0.04775;0.04748;0.04746;0.05110;0.05410;0.05586;0.01830;0.01789;0.01811;0.01898;0.02042;0.02232;0.02457;0.02710;0.04636;0.04823;0.04993;0.05384;0.05602;0.05833;0.06075;0.04380
0.08051;0.08145;0.08450;0.09398;0.10309;0.10553;0.03418;0.08045;0.08035;0.08024;0.09329;0.09314;0.09671;0.09771;0.09883;0.10005;0.09610;0.09589;0.09576;0.09576;0.09589;0.09614;0.09652;0.06634;0.06683;0.06762;0.06858;0.06971;0.07099;0.07749;0.07942;0.08368;0.08474;0.08725;0.10359;0.10306;0.10216;0.10138;0.10072;0.10017;0.09974;0.09944;0.09925;0.09920;0.09926;0.09945;0.09976;0.10019;0.10141;0.06737;0.06849;0.06983;0.07131;0.07293;0.07852;0.08061;0.01750;0.01400;0.01050;0.00700;0.00000;0.00350;0.03185;0.03403;0.03645;0.01050;0.10219;0.06348;0.06298;0.06254;0.06231;0.06242;0.06277;0.06331;0.06404;0.06495;0.03477;0.03353;0.03156;0.03113;0.05102;0.05020;0.04948;0.04901;0.05034;0.05253;0.05393;0.02205;0.02067;0.01968;0.01928;0.01951;0.02035;0.02173;0.02356;0.04861;0.05009;0.05135;0.05446;0.05628;0.05825;0.06036;0.04042
0.08200;0.08306;0.08631;0.09621;0.10556;0.10805;0.03691;0.08190;0.08168;0.08143;0.09465;0.09438;0.09695;0.09783;0.09883;0.09994;0.09728;0.09695;0.09670;0.09658;0.09658;0.09671;0.09697;0.06783;0.06821;0.06887;0.06970;0.07070;0.07185;0.07787;0.07969;0.08386;0.08478;0.08701;0.10498;0.10443;0.10351;0.10271;0.10201;0.10144;0.10098;0.10064;0.10042;0.10032;0.10034;0.10049;0.10076;0.10115;0.10228;0.06757;0.06854;0.06972;0.07105;0.07253;0.07774;0.07970;0.02100;0.01750;0.01400;0.01050;0.00350;0.00000;0.03432;0.03211;0.03431;0.00700;0.10302;0.06486;0.06420;0.06359;0.06317;0.06290;0.06305;0.06341;0.06395;0.06467;0.03710;0.03566;0.03313;0.03236;0.05273;0.05174;0.05082;0.05013;0.05033;0.05208;0.05328;0.02447;0.02274;0.02130;0.02035;0.01999;0.02023;0.02106;0.02241;0.05007;0.05135;0.05240;0.05510;0.05673;0.05853;0.06047;0.03909
0.06109;0.06188;0.06440;0.07329;0.08241;0.08490;0.01876;0.06106;0.06177;0.06259;0.07125;0.07177;0.08150;0.08330;0.08521;0.08721;0.07989;0.08039;0.08105;0.08186;0.08280;0.08388;0.08510;0.05019;0.05179;0.05402;0.05638;0.05886;0.06144;0.07252;0.07544;0.07289;0.07490;0.07924;0.07776;0.07757;0.07731;0.07722;0.07728;0.07750;0.07788;0.07841;0.07909;0.07993;0.08090;0.08201;0.08326;0.08463;0.08772;0.05072;0.05309;0.05573;0.05846;0.06127;0.07006;0.07309;0.02371;0.02462;0.02591;0.02759;0.03185;0.03432;0.00000;0.04175;0.04525;0.03973;0.08944;0.05235;0.05298;0.05389;0.05500;0.05781;0.05947;0.06129;0.06325;0.06534;0.02081;0.02227;0.02613;0.02851;0.03760;0.03858;0.03989;0.04145;0.05219;0.05742;0.06017;0.03093;0.03248;0.03444;0.03662;0.03899;0.04153;0.04419;0.04697;0.04673;0.04907;0.05122;0.05593;0.05845;0.06108;0.06379;0.05232
0.07809;0.08049;0.08573;0.09980;0.11175;0.11481;0.04995;0.07761;0.07644;0.07525;0.08645;0.08524;0.08053;0.08061;0.08084;0.08122;0.09220;0.09119;0.09020;0.08933;0.08860;0.08800;0.08754;0.06701;0.06712;0.06748;0.06802;0.06873;0.06961;0.07469;0.07631;0.07134;0.07145;0.07219;0.09333;0.09294;0.09230;0.09180;0.09142;0.09118;0.09107;0.09109;0.09125;0.09154;0.09197;0.09253;0.09321;0.09402;0.09600;0.04832;0.04832;0.04855;0.04903;0.04976;0.05326;0.05483;0.04646;0.04373;0.04108;0.03855;0.03403;0.03211;0.04175;0.00000;0.00350;0.02915;0.09717;0.06721;0.06587;0.06443;0.06315;0.06112;0.06038;0.05984;0.05950;0.05936;0.04729;0.04540;0.04129;0.03953;0.05695;0.05547;0.05399;0.05271;0.04963;0.05008;0.05067;0.04768;0.04595;0.04430;0.04287;0.04168;0.04076;0.04013;0.03979;0.06121;0.06144;0.06128;0.06155;0.06198;0.06261;0.06342;0.03622
0.08034;0.08281;0.08818;0.10248;0.11456;0.11764;0.05323;0.07983;0.07855;0.07725;0.08850;0.08718;0.08142;0.08135;0.08143;0.08166;0.09400;0.09289;0.09179;0.09081;0.08995;0.08923;0.08863;0.06938;0.06940;0.06963;0.07004;0.07063;0.07137;0.07592;0.07741;0.07231;0.07226;0.07266;0.09535;0.09495;0.09429;0.09376;0.09336;0.09308;0.09294;0.09293;0.09305;0.09330;0.09368;0.09420;0.09483;0.09559;0.09748;0.04973;0.04952;0.04953;0.04977;0.05026;0.05311;0.05448;0.04951;0.04670;0.04394;0.04130;0.03645;0.03431;0.04525;0.00350;0.00000;0.03077;0.09859;0.06945;0.06801;0.06644;0.06502;0.06266;0.06175;0.06103;0.06049;0.06016;0.05045;0.04849;0.04414;0.04224;0.05962;0.05803;0.05643;0.05501;0.05098;0.05099;0.05135;0.05042;0.04857;0.04676;0.04514;0.04375;0.04260;0.04171;0.04110;0.06353;0.06362;0.06331;0.06326;0.06353;0.06398;0.06463;0.03675
0.08534;0.08661;0.09024;0.10089;0.11066;0.11324;0.04270;0.08517;0.08470;0.08418;0.09770;0.09720;0.09782;0.09846;0.09922;0.10009;0.09995;0.09941;0.09893;0.09856;0.09833;0.09821;0.09822;0.07122;0.07141;0.07182;0.07239;0.07314;0.07404;0.07909;0.08069;0.08463;0.08527;0.08697;0.10805;0.10748;0.10651;0.10566;0.10491;0.10427;0.10375;0.10335;0.10306;0.10289;0.10284;0.10291;0.10309;0.10340;0.10436;0.06851;0.06918;0.07004;0.07106;0.07223;0.07662;0.07834;0.02800;0.02450;0.02100;0.01750;0.01050;0.00700;0.03973;0.02915;0.03077;0.00000;0.10501;0.06806;0.06713;0.06619;0.06542;0.06442;0.06420;0.06417;0.06434;0.06469;0.04224;0.04049;0.03706;0.03574;0.05664;0.05535;0.05408;0.05300;0.05102;0.05188;0.05266;0.02995;0.02777;0.02568;0.02393;0.02259;0.02173;0.02142;0.02167;0.05355;0.05446;0.05510;0.05702;0.05827;0.05970;0.06129;0.03728
0.03241;0.03287;0.03501;0.04492;0.05561;0.05851;0.07795;0.03228;0.03052;0.02900;0.03490;0.03363;0.03651;0.03832;0.04035;0.04257;0.01393;0.01176;0.01010;0.00950;0.01014;0.01184;0.01420;0.03989;0.03816;0.03609;0.03425;0.03268;0.03142;0.03018;0.03086;0.02990;0.03161;0.03583;0.05450;0.05250;0.04900;0.04550;0.04200;0.03850;0.03500;0.03150;0.02800;0.02450;0.02100;0.01750;0.01400;0.01050;0.00350;0.06161;0.06144;0.06145;0.06165;0.06205;0.06439;0.06552;0.09975;0.10003;0.10039;0.10087;0.10219;0.10302;0.08944;0.09717;0.09859;0.10501;0.00000;0.04107;0.04065;0.04045;0.04055;0.04165;0.04262;0.04385;0.04531;0.04699;0.07336;0.07258;0.07151;0.07123;0.05446;0.05393;0.05360;0.05350;0.05634;0.05891;0.06046;0.08734;0.08753;0.08788;0.08836;0.08898;0.08974;0.09062;0.09163;0.06041;0.05869;0.05722;0.05484;0.05395;0.05327;0.05282;0.07506
0.02448;0.02441;0.02711;0.03887;0.05073;0.05385;0.03801;0.02472;0.02457;0.02468;0.04105;0.04114;0.05150;0.05369;0.05601;0.05845;0.03473;0.03492;0.03543;0.03628;0.03743;0.03886;0.04055;0.01104;0.00960;0.00860;0.00896;0.01055;0.01291;0.02516;0.02848;0.03653;0.03919;0.04487;0.06033;0.05886;0.05634;0.05394;0.05165;0.04951;0.04753;0.04574;0.04415;0.04278;0.04167;0.04083;0.04027;0.04002;0.04042;0.04749;0.04860;0.04998;0.05156;0.05333;0.05955;0.06188;0.05926;0.05975;0.06040;0.06124;0.06348;0.06486;0.05235;0.06721;0.06945;0.06806;0.04107;0.00000;0.00300;0.00650;0.01000;0.01700;0.02050;0.02400;0.02750;0.03100;0.03360;0.03280;0.03239;0.03275;0.01483;0.01420;0.01435;0.01532;0.02731;0.03350;0.03670;0.04679;0.04735;0.04821;0.04930;0.05061;0.05213;0.05383;0.05569;0.02152;0.02098;0.02103;0.02279;0.02439;0.02636;0.02862;0.04629
0.02577;0.02604;0.02920;0.04145;0.05340;0.05654;0.03890;0.02592;0.02540;0.02510;0.04199;0.04184;0.05049;0.05253;0.05471;0.05703;0.03513;0.03504;0.03526;0.03581;0.03670;0.03788;0.03935;0.01252;0.01067;0.00889;0.00828;0.00909;0.01101;0.02281;0.02611;0.03480;0.03731;0.04275;0.06135;0.05986;0.05729;0.05484;0.05249;0.05029;0.04824;0.04636;0.04468;0.04321;0.04199;0.04103;0.04035;0.03997;0.04012;0.04666;0.04760;0.04880;0.05022;0.05184;0.05771;0.05995;0.05959;0.05990;0.06038;0.06106;0.06298;0.06420;0.05298;0.06587;0.06801;0.06713;0.04065;0.00300;0.00000;0.00350;0.00700;0.01400;0.01750;0.02100;0.02450;0.02800;0.03422;0.03315;0.03211;0.03215;0.01576;0.01454;0.01397;0.01427;0.02475;0.03078;0.03394;0.04676;0.04712;0.04777;0.04866;0.04977;0.05111;0.05264;0.05436;0.02128;0.02033;0.01991;0.02090;0.02221;0.02397;0.02609;0.04402
0.02762;0.02823;0.03184;0.04454;0.05657;0.05971;0.04018;0.02767;0.02675;0.02601;0.04333;0.04290;0.04950;0.05135;0.05337;0.05553;0.03592;0.03551;0.03538;0.03560;0.03615;0.03703;0.03821;0.01483;0.01272;0.01036;0.00880;0.00849;0.00955;0.02031;0.02354;0.03300;0.03530;0.04041;0.06268;0.06117;0.05857;0.05606;0.05366;0.05139;0.04927;0.04731;0.04553;0.04396;0.04263;0.04154;0.04073;0.04020;0.04006;0.04590;0.04662;0.04761;0.04883;0.05026;0.05567;0.05778;0.06013;0.06024;0.06052;0.06100;0.06254;0.06359;0.05389;0.06443;0.06644;0.06619;0.04045;0.00650;0.00350;0.00000;0.00350;0.01050;0.01400;0.01750;0.02100;0.02450;0.03524;0.03388;0.03211;0.03178;0.01743;0.01566;0.01432;0.01376;0.02189;0.02768;0.03077;0.04696;0.04708;0.04747;0.04811;0.04900;0.05011;0.05144;0.05296;0.02152;0.02011;0.01914;0.01905;0.01995;0.02139;0.02328;0.04147
0.02976;0.03067;0.03462;0.04767;0.05978;0.06293;0.04171;0.02972;0.02847;0.02734;0.04489;0.04422;0.04875;0.05040;0.05222;0.05421;0.03702;0.03631;0.03585;0.03572;0.03594;0.03649;0.03736;0.01754;0.01530;0.01266;0.01053;0.00927;0.00925;0.01814;0.02124;0.03149;0.03353;0.03826;0.06418;0.06266;0.06002;0.05747;0.05503;0.05271;0.05052;0.04849;0.04664;0.04498;0.04354;0.04234;0.04140;0.04074;0.04031;0.04540;0.04589;0.04665;0.04765;0.04888;0.05378;0.05576;0.06088;0.06079;0.06087;0.06115;0.06231;0.06317;0.05500;0.06315;0.06502;0.06542;0.04055;0.01000;0.00700;0.00350;0.00000;0.00700;0.01050;0.01400;0.01750;0.02100;0.03656;0.03494;0.03250;0.03179;0.01959;0.01742;0.01547;0.01414;0.01924;0.02469;0.02768;0.04742;0.04730;0.04743;0.04782;0.04846;0.04934;0.05044;0.05177;0.02231;0.02050;0.01898;0.01771;0.01809;0.01911;0.02068;0.03907
0.03472;0.03607;0.04053;0.05409;0.06628;0.06943;0.04544;0.03454;0.03278;0.03104;0.04864;0.04752;0.04799;0.04918;0.05059;0.05219;0.04005;0.03883;0.03775;0.03698;0.03653;0.03641;0.03662;0.02358;0.02127;0.01843;0.01585;0.01369;0.01216;0.01535;0.01785;0.02950;0.03090;0.03461;0.06763;0.06608;0.06340;0.06080;0.05830;0.05591;0.05363;0.05150;0.04952;0.04772;0.04611;0.04471;0.04356;0.04266;0.04169;0.04521;0.04523;0.04548;0.04600;0.04678;0.05052;0.05217;0.06292;0.06245;0.06215;0.06204;0.06242;0.06290;0.05781;0.06112;0.06266;0.06442;0.04165;0.01700;0.01400;0.01050;0.00700;0.00000;0.00350;0.00700;0.01050;0.01400;0.04000;0.03796;0.03434;0.03294;0.02484;0.02221;0.01953;0.01715;0.01502;0.01923;0.02187;0.04908;0.04849;0.04812;0.04800;0.04813;0.04852;0.04915;0.05003;0.02532;0.02292;0.02054;0.01699;0.01609;0.01592;0.01651;0.03483
0.03744;0.03896;0.04360;0.05735;0.06957;0.07272;0.04758;0.03720;0.03526;0.03328;0.05077;0.04946;0.04798;0.04894;0.05011;0.05151;0.04193;0.04048;0.03914;0.03808;0.03731;0.03687;0.03675;0.02678;0.02446;0.02159;0.01892;0.01658;0.01469;0.01502;0.01701;0.02909;0.03012;0.03319;0.06955;0.06800;0.06531;0.06270;0.06018;0.05776;0.05546;0.05328;0.05126;0.04940;0.04773;0.04625;0.04501;0.04401;0.04280;0.04551;0.04529;0.04529;0.04556;0.04610;0.04918;0.05065;0.06421;0.06356;0.06307;0.06278;0.06277;0.06305;0.05947;0.06038;0.06175;0.06420;0.04262;0.02050;0.01750;0.01400;0.01050;0.00350;0.00000;0.00350;0.00700;0.01050;0.04205;0.03985;0.03574;0.03404;0.02776;0.02500;0.02212;0.01945;0.01379;0.01692;0.01927;0.05025;0.04946;0.04884;0.04847;0.04835;0.04849;0.04887;0.04950;0.02737;0.02479;0.02213;0.01769;0.01617;0.01531;0.01523;0.03307
0.04029;0.04194;0.04674;0.06063;0.07287;0.07603;0.04988;0.04000;0.03790;0.03573;0.05304;0.05156;0.04824;0.04894;0.04989;0.05105;0.04400;0.04236;0.04078;0.03946;0.03840;0.03765;0.03721;0.03005;0.02772;0.02484;0.02212;0.01966;0.01756;0.01549;0.01686;0.02910;0.02972;0.03210;0.07159;0.07004;0.06734;0.06472;0.06219;0.05976;0.05743;0.05523;0.05317;0.05127;0.04954;0.04800;0.04668;0.04559;0.04416;0.04608;0.04563;0.04538;0.04539;0.04567;0.04806;0.04933;0.06566;0.06484;0.06417;0.06369;0.06331;0.06341;0.06129;0.05984;0.06103;0.06417;0.04385;0.02400;0.02100;0.01750;0.01400;0.00700;0.00350;0.00000;0.00350;0.00700;0.04428;0.04194;0.03742;0.03546;0.03080;0.02795;0.02493;0.02206;0.01338;0.01509;0.01699;0.05164;0.05064;0.04980;0.04919;0.04882;0.04871;0.04884;0.04923;0.02970;0.02699;0.02412;0.01902;0.01699;0.01549;0.01469;0.03159
0.04323;0.04500;0.04992;0.06394;0.07620;0.07935;0.05231;0.04290;0.04067;0.03835;0.05545;0.05381;0.04874;0.04920;0.04990;0.05084;0.04625;0.04443;0.04265;0.04109;0.03978;0.03873;0.03799;0.03336;0.03104;0.02815;0.02540;0.02287;0.02062;0.01671;0.01743;0.02953;0.02974;0.03135;0.07375;0.07219;0.06950;0.06687;0.06433;0.06189;0.05955;0.05733;0.05524;0.05330;0.05153;0.04994;0.04854;0.04737;0.04574;0.04691;0.04623;0.04573;0.04549;0.04551;0.04717;0.04823;0.06726;0.06628;0.06544;0.06479;0.06404;0.06395;0.06325;0.05950;0.06049;0.06434;0.04531;0.02750;0.02450;0.02100;0.01750;0.01050;0.00700;0.00350;0.00000;0.00350;0.04667;0.04421;0.03934;0.03716;0.03393;0.03101;0.02790;0.02489;0.01388;0.01391;0.01519;0.05322;0.05203;0.05097;0.05014;0.04954;0.04918;0.04906;0.04920;0.03224;0.02944;0.02643;0.02086;0.01845;0.01643;0.01497;0.03045
0.04625;0.04812;0.05314;0.06727;0.07954;0.08269;0.05486;0.04588;0.04355;0.04109;0.05796;0.05619;0.04948;0.04970;0.05016;0.05086;0.04864;0.04668;0.04471;0.04295;0.04140;0.04009;0.03906;0.03671;0.03439;0.03150;0.02874;0.02615;0.02381;0.01851;0.01865;0.03036;0.03017;0.03099;0.07600;0.07445;0.07175;0.06913;0.06659;0.06414;0.06179;0.05956;0.05745;0.05548;0.05367;0.05203;0.05058;0.04934;0.04753;0.04798;0.04709;0.04634;0.04585;0.04562;0.04654;0.04736;0.06900;0.06786;0.06687;0.06605;0.06495;0.06467;0.06534;0.05936;0.06016;0.06469;0.04699;0.03100;0.02800;0.02450;0.02100;0.01400;0.01050;0.00700;0.00350;0.00000;0.04920;0.04664;0.04147;0.03909;0.03712;0.03416;0.03098;0.02787;0.01519;0.01356;0.01404;0.05497;0.05362;0.05236;0.05131;0.05048;0.04988;0.04953;0.04942;0.03494;0.03209;0.02897;0.02309;0.02041;0.01801;0.01603;0.02968
0.04794;0.04828;0.05054;0.05949;0.06905;0.07167;0.00590;0.04805;0.04867;0.04939;0.06153;0.06202;0.07230;0.07423;0.07627;0.07842;0.06499;0.06543;0.06607;0.06688;0.06786;0.06900;0.07031;0.03435;0.03552;0.03728;0.03928;0.04147;0.04384;0.05453;0.05743;0.06019;0.06237;0.06707;0.07347;0.07277;0.07162;0.07063;0.06980;0.06913;0.06864;0.06833;0.06819;0.06823;0.06845;0.06885;0.06943;0.07017;0.07215;0.04876;0.05078;0.05307;0.05548;0.05801;0.06612;0.06897;0.02715;0.02801;0.02922;0.03078;0.03477;0.03710;0.02081;0.04729;0.05045;0.04224;0.07336;0.03360;0.03422;0.03524;0.03656;0.04000;0.04205;0.04428;0.04667;0.04920;0.00000;0.00318;0.01017;0.01367;0.01907;0.01981;0.02111;0.02288;0.03578;0.04188;0.04504;0.02116;0.02284;0.02500;0.02745;0.03010;0.03291;0.03584;0.03887;0.02612;0.02858;0.03097;0.03628;0.03914;0.04209;0.04513;0.04167
0.04813;0.04862;0.05117;0.06068;0.07052;0.07319;0.00857;0.04820;0.04862;0.04913;0.06189;0.06221;0.07136;0.07318;0.07511;0.07716;0.06469;0.06499;0.06546;0.06612;0.06696;0.06796;0.06913;0.03413;0.03509;0.03660;0.03836;0.04036;0.04255;0.05274;0.05555;0.05873;0.06079;0.06528;0.07426;0.07351;0.07227;0.07118;0.07025;0.06949;0.06889;0.06847;0.06822;0.06816;0.06827;0.06856;0.06903;0.06967;0.07145;0.04793;0.04979;0.05192;0.05420;0.05660;0.06440;0.06716;0.02745;0.02794;0.02881;0.03006;0.03353;0.03566;0.02227;0.04540;0.04849;0.04049;0.07258;0.03280;0.03315;0.03388;0.03494;0.03796;0.03985;0.04194;0.04421;0.04664;0.00318;0.00000;0.00700;0.01050;0.01859;0.01881;0.01962;0.02099;0.03296;0.03894;0.04205;0.02006;0.02135;0.02319;0.02538;0.02784;0.03051;0.03332;0.03626;0.02457;0.02682;0.02900;0.03402;0.03678;0.03965;0.04262;0.03850
0.04935;0.05019;0.05337;0.06402;0.07444;0.07722;0.01517;0.04933;0.04929;0.04931;0.06320;0.06315;0.06961;0.07116;0.07284;0.07464;0.06474;0.06469;0.06480;0.06510;0.06559;0.06625;0.06709;0.03484;0.03531;0.03622;0.03744;0.03893;0.04067;0.04954;0.05211;0.05599;0.05774;0.06168;0.07628;0.07543;0.07403;0.07277;0.07165;0.07069;0.06990;0.06927;0.06881;0.06853;0.06843;0.06851;0.06876;0.06920;0.07057;0.04641;0.04788;0.04962;0.05155;0.05363;0.06066;0.06322;0.02925;0.02892;0.02898;0.02945;0.03156;0.03313;0.02613;0.04129;0.04414;0.03706;0.07151;0.03239;0.03211;0.03211;0.03250;0.03434;0.03574;0.03742;0.03934;0.04147;0.01017;0.00700;0.00000;0.00350;0.01965;0.01871;0.01824;0.01843;0.02724;0.03278;0.03575;0.01955;0.01976;0.02060;0.02196;0.02377;0.02593;0.02835;0.03098;0.02297;0.02455;0.02607;0.03012;0.03252;0.03510;0.03784;0.03150
0.05032;0.05131;0.05477;0.06591;0.07656;0.07938;0.01858;0.05026;0.04999;0.04978;0.06413;0.06391;0.06899;0.07039;0.07193;0.07360;0.06505;0.06483;0.06476;0.06487;0.06517;0.06566;0.06633;0.03570;0.03593;0.03653;0.03746;0.03868;0.04017;0.04824;0.05067;0.05491;0.05648;0.06011;0.07750;0.07662;0.07514;0.07379;0.07259;0.07155;0.07066;0.06993;0.06937;0.06899;0.06878;0.06875;0.06890;0.06922;0.07039;0.04604;0.04728;0.04881;0.05053;0.05243;0.05902;0.06146;0.03072;0.03002;0.02969;0.02977;0.03113;0.03236;0.02851;0.03953;0.04224;0.03574;0.07123;0.03275;0.03215;0.03178;0.03179;0.03294;0.03404;0.03546;0.03716;0.03909;0.01367;0.01050;0.00350;0.00000;0.02105;0.01962;0.01852;0.01805;0.02463;0.02984;0.03270;0.02022;0.01987;0.02011;0.02094;0.02229;0.02408;0.02622;0.02862;0.02294;0.02411;0.02522;0.02861;0.03076;0.03315;0.03572;0.02800
0.03107;0.03134;0.03404;0.04505;0.05627;0.05927;0.02361;0.03123;0.03162;0.03222;0.04645;0.04680;0.05787;0.06003;0.06231;0.06471;0.04646;0.04685;0.04750;0.04839;0.04951;0.05085;0.05239;0.01618;0.01696;0.01850;0.02054;0.02293;0.02557;0.03758;0.04078;0.04460;0.04715;0.05258;0.06220;0.06109;0.05924;0.05755;0.05602;0.05467;0.05352;0.05258;0.05185;0.05136;0.05110;0.05108;0.05130;0.05175;0.05334;0.04353;0.04523;0.04722;0.04938;0.05168;0.05931;0.06203;0.04562;0.04625;0.04710;0.04819;0.05102;0.05273;0.03760;0.05695;0.05962;0.05664;0.05446;0.01483;0.01576;0.01743;0.01959;0.02484;0.02776;0.03080;0.03393;0.03712;0.01907;0.01859;0.01965;0.02105;0.00000;0.00319;0.00669;0.01019;0.02769;0.03469;0.03819;0.03524;0.03620;0.03755;0.03915;0.04100;0.04305;0.04528;0.04766;0.01899;0.02027;0.02186;0.02617;0.02873;0.03147;0.03435;0.04221
0.03207;0.03256;0.03562;0.04711;0.05849;0.06151;0.02475;0.03217;0.03225;0.03251;0.04746;0.04759;0.05714;0.05916;0.06132;0.06360;0.04663;0.04681;0.04723;0.04791;0.04882;0.04997;0.05133;0.01685;0.01716;0.01816;0.01973;0.02176;0.02413;0.03553;0.03865;0.04315;0.04555;0.05074;0.06355;0.06240;0.06047;0.05869;0.05706;0.05561;0.05434;0.05328;0.05242;0.05179;0.05139;0.05123;0.05131;0.05162;0.05294;0.04299;0.04450;0.04630;0.04829;0.05044;0.05770;0.06033;0.04584;0.04624;0.04687;0.04775;0.05020;0.05174;0.03858;0.05547;0.05803;0.05535;0.05393;0.01420;0.01454;0.01566;0.01742;0.02221;0.02500;0.02795;0.03101;0.03416;0.01981;0.01881;0.01871;0.01962;0.00319;0.00000;0.00350;0.00700;0.02450;0.03150;0.03500;0.03472;0.03542;0.03649;0.03785;0.03948;0.04134;0.04340;0.04564;0.01751;0.01841;0.01965;0.02354;0.02598;0.02864;0.03147;0.03931
0.03352;0.03422;0.03762;0.04954;0.06105;0.06408;0.02635;0.03355;0.03331;0.03322;0.04882;0.04872;0.05658;0.05843;0.06044;0.06257;0.04709;0.04704;0.04722;0.04765;0.04834;0.04926;0.05041;0.01825;0.01808;0.01846;0.01946;0.02101;0.02300;0.03351;0.03650;0.04182;0.04403;0.04891;0.06521;0.06402;0.06201;0.06014;0.05842;0.05686;0.05548;0.05429;0.05330;0.05253;0.05198;0.05166;0.05158;0.05174;0.05276;0.04268;0.04397;0.04554;0.04733;0.04930;0.05610;0.05861;0.04629;0.04645;0.04684;0.04748;0.04948;0.05082;0.03989;0.05399;0.05643;0.05408;0.05360;0.01435;0.01397;0.01432;0.01547;0.01953;0.02212;0.02493;0.02790;0.03098;0.02111;0.01962;0.01824;0.01852;0.00669;0.00350;0.00000;0.00350;0.02100;0.02800;0.03150;0.03445;0.03483;0.03558;0.03665;0.03801;0.03964;0.04150;0.04356;0.01643;0.01682;0.01757;0.02083;0.02310;0.02564;0.02839;0.03618
0.03525;0.03614;0.03982;0.05209;0.06369;0.06674;0.02830;0.03523;0.03469;0.03427;0.05038;0.05007;0.05623;0.05791;0.05975;0.06173;0.04781;0.04754;0.04747;0.04766;0.04810;0.04879;0.04972;0.02016;0.01959;0.01939;0.01982;0.02083;0.02236;0.03175;0.03459;0.04074;0.04274;0.04727;0.06701;0.06579;0.06371;0.06176;0.05995;0.05829;0.05680;0.05550;0.05438;0.05348;0.05279;0.05233;0.05209;0.05210;0.05280;0.04266;0.04371;0.04505;0.04661;0.04838;0.05469;0.05707;0.04700;0.04692;0.04706;0.04746;0.04901;0.05013;0.04145;0.05271;0.05501;0.05300;0.05350;0.01532;0.01427;0.01376;0.01414;0.01715;0.01945;0.02206;0.02489;0.02787;0.02288;0.02099;0.01843;0.01805;0.01019;0.00700;0.00350;0.00000;0.01750;0.02450;0.02800;0.03454;0.03459;0.03500;0.03575;0.03682;0.03818;0.03980;0.04166;0.01606;0.01585;0.01599;0.01840;0.02041;0.02278;0.02542;0.03312
0.04698;0.04848;0.05298;0.06616;0.07793;0.08099;0.04125;0.04675;0.04518;0.04357;0.06068;0.05952;0.05772;0.05844;0.05936;0.06047;0.05472;0.05349;0.05233;0.05138;0.05066;0.05017;0.04992;0.03378;0.03218;0.03034;0.02880;0.02763;0.02687;0.02830;0.02969;0.03977;0.04043;0.04259;0.07777;0.07642;0.07410;0.07188;0.06976;0.06775;0.06587;0.06413;0.06253;0.06109;0.05983;0.05874;0.05785;0.05715;0.05639;0.04667;0.04653;0.04660;0.04694;0.04753;0.05074;0.05223;0.05393;0.05279;0.05183;0.05110;0.05034;0.05033;0.05219;0.04963;0.05098;0.05102;0.05634;0.02731;0.02475;0.02189;0.01924;0.01502;0.01379;0.01338;0.01388;0.01519;0.03578;0.03296;0.02724;0.02463;0.02769;0.02450;0.02100;0.01750;0.00000;0.00700;0.01050;0.03986;0.03848;0.03726;0.03634;0.03574;0.03548;0.03556;0.03598;0.02376;0.02147;0.01894;0.01508;0.01409;0.01394;0.01464;0.02013
0.05257;0.05421;0.05888;0.07220;0.08398;0.08702;0.04726;0.05230;0.05048;0.04857;0.06566;0.06425;0.05975;0.06009;0.06063;0.06136;0.05873;0.05721;0.05571;0.05440;0.05328;0.05238;0.05169;0.04009;0.03831;0.03619;0.03429;0.03266;0.03134;0.02982;0.03045;0.04150;0.04159;0.04263;0.08272;0.08135;0.07897;0.07668;0.07448;0.07238;0.07040;0.06854;0.06680;0.06522;0.06378;0.06251;0.06141;0.06049;0.05923;0.04992;0.04938;0.04899;0.04886;0.04897;0.05079;0.05185;0.05796;0.05650;0.05520;0.05410;0.05253;0.05208;0.05742;0.05008;0.05099;0.05188;0.05891;0.03350;0.03078;0.02768;0.02469;0.01923;0.01692;0.01509;0.01391;0.01356;0.04188;0.03894;0.03278;0.02984;0.03469;0.03150;0.02800;0.02450;0.00700;0.00000;0.00350;0.04381;0.04202;0.04031;0.03884;0.03765;0.03675;0.03616;0.03591;0.02931;0.02676;0.02390;0.01883;0.01682;0.01536;0.01461;0.01731
0.05549;0.05719;0.06191;0.07529;0.08705;0.09009;0.05036;0.05520;0.05327;0.05124;0.06829;0.06677;0.06105;0.06120;0.06156;0.06211;0.06094;0.05929;0.05765;0.05617;0.05488;0.05379;0.05290;0.04332;0.04148;0.03925;0.03723;0.03543;0.03390;0.03115;0.03142;0.04277;0.04258;0.04307;0.08531;0.08392;0.08152;0.07920;0.07697;0.07484;0.07281;0.07090;0.06911;0.06745;0.06594;0.06459;0.06340;0.06238;0.06091;0.05183;0.05110;0.05051;0.05016;0.05005;0.05117;0.05201;0.06018;0.05858;0.05713;0.05586;0.05393;0.05328;0.06017;0.05067;0.05135;0.05266;0.06046;0.03670;0.03394;0.03077;0.02768;0.02187;0.01927;0.01699;0.01519;0.01404;0.04504;0.04205;0.03575;0.03270;0.03819;0.03500;0.03150;0.02800;0.01050;0.00350;0.00000;0.04605;0.04410;0.04219;0.04050;0.03904;0.03785;0.03696;0.03639;0.03229;0.02968;0.02673;0.02133;0.01902;0.01713;0.01580;0.01685
0.06626;0.06641;0.06832;0.07578;0.08392;0.08619;0.02041;0.06641;0.06674;0.06708;0.08104;0.08132;0.08882;0.09033;0.09194;0.09366;0.08107;0.08123;0.08152;0.08197;0.08255;0.08328;0.08415;0.05137;0.05184;0.05264;0.05366;0.05488;0.05630;0.06359;0.06575;0.07420;0.07581;0.07940;0.09426;0.09348;0.09215;0.09095;0.08986;0.08890;0.08807;0.08736;0.08680;0.08637;0.08609;0.08594;0.08594;0.08608;0.08678;0.06525;0.06669;0.06836;0.07016;0.07208;0.07851;0.08084;0.01709;0.01678;0.01721;0.01830;0.02205;0.02447;0.03093;0.04768;0.05042;0.02995;0.08734;0.04679;0.04676;0.04696;0.04742;0.04908;0.05025;0.05164;0.05322;0.05497;0.02116;0.02006;0.01955;0.02022;0.03524;0.03472;0.03445;0.03454;0.03986;0.04381;0.04605;0.00000;0.00325;0.00675;0.01025;0.01375;0.01725;0.02075;0.02425;0.02940;0.03155;0.03367;0.03851;0.04117;0.04394;0.04681;0.03878
0.06723;0.06752;0.06967;0.07760;0.08601;0.08833;0.02271;0.06735;0.06753;0.06770;0.08200;0.08216;0.08865;0.09004;0.09154;0.09316;0.08167;0.08171;0.08186;0.08217;0.08262;0.08322;0.08396;0.05221;0.05254;0.05316;0.05400;0.05505;0.05631;0.06303;0.06507;0.07374;0.07522;0.07856;0.09540;0.09459;0.09322;0.09197;0.09083;0.08981;0.08892;0.08816;0.08753;0.08704;0.08669;0.08647;0.08640;0.08647;0.08704;0.06508;0.06638;0.06790;0.06956;0.07136;0.07744;0.07968;0.01854;0.01764;0.01742;0.01789;0.02067;0.02274;0.03248;0.04595;0.04857;0.02777;0.08753;0.04735;0.04712;0.04708;0.04730;0.04849;0.04946;0.05064;0.05203;0.05362;0.02284;0.02135;0.01976;0.01987;0.03620;0.03542;0.03483;0.03459;0.03848;0.04202;0.04410;0.00325;0.00000;0.00350;0.00700;0.01050;0.01400;0.01750;0.02100;0.02967;0.03154;0.03337;0.03774;0.04021;0.04282;0.04555;0.03620
0.06846;0.06888;0.07127;0.07968;0.08834;0.09071;0.02544;0.06854;0.06855;0.06856;0.08319;0.08321;0.08860;0.08987;0.09126;0.09275;0.08247;0.08237;0.08238;0.08254;0.08285;0.08330;0.08390;0.05334;0.05352;0.05395;0.05460;0.05547;0.05654;0.06262;0.06452;0.07343;0.07475;0.07781;0.09676;0.09592;0.09451;0.09320;0.09200;0.09093;0.08998;0.08915;0.08846;0.08790;0.08748;0.08719;0.08705;0.08705;0.08746;0.06510;0.06624;0.06760;0.06911;0.07076;0.07646;0.07858;0.02057;0.01915;0.01830;0.01811;0.01968;0.02130;0.03444;0.04430;0.04676;0.02568;0.08788;0.04821;0.04777;0.04747;0.04743;0.04812;0.04884;0.04980;0.05097;0.05236;0.02500;0.02319;0.02060;0.02011;0.03755;0.03649;0.03558;0.03500;0.03726;0.04031;0.04219;0.00675;0.00350;0.00000;0.00350;0.00700;0.01050;0.01400;0.01750;0.03035;0.03190;0.03340;0.03723;0.03947;0.04188;0.04444;0.03357
0.06984;0.07038;0.07301;0.08185;0.09075;0.09317;0.02834;0.06988;0.06974;0.06958;0.08451;0.08439;0.08870;0.08984;0.09110;0.09248;0.08341;0.08318;0.08305;0.08306;0.08323;0.08354;0.08399;0.05466;0.05470;0.05495;0.05541;0.05610;0.05698;0.06240;0.06416;0.07328;0.07445;0.07722;0.09822;0.09736;0.09590;0.09454;0.09330;0.09217;0.09116;0.09027;0.08952;0.08889;0.08840;0.08805;0.08783;0.08776;0.08802;0.06530;0.06629;0.06748;0.06883;0.07033;0.07562;0.07762;0.02296;0.02113;0.01978;0.01898;0.01928;0.02035;0.03662;0.04287;0.04514;0.02393;0.08836;0.04930;0.04866;0.04811;0.04782;0.04800;0.04847;0.04919;0.05014;0.05131;0.02745;0.02538;0.02196;0.02094;0.03915;0.03785;0.03665;0.03575;0.03634;0.03884;0.04050;0.01025;0.00700;0.00350;0.00000;0.00350;0.00700;0.01050;0.01400;0.03141;0.03263;0.03380;0.03703;0.03902;0.04121;0.04357;0.03110
0.07137;0.07203;0.07486;0.08411;0.09323;0.09569;0.03136;0.07138;0.07108;0.07076;0.08594;0.08569;0.08894;0.08995;0.09109;0.09234;0.08449;0.08413;0.08386;0.08373;0.08375;0.08391;0.08422;0.05618;0.05608;0.05615;0.05643;0.05693;0.05764;0.06238;0.06399;0.07329;0.07431;0.07678;0.09979;0.09890;0.09740;0.09599;0.09470;0.09352;0.09246;0.09151;0.09070;0.09001;0.08945;0.08903;0.08875;0.08860;0.08872;0.06570;0.06652;0.06754;0.06873;0.07007;0.07493;0.07680;0.02560;0.02348;0.02172;0.02042;0.01951;0.01999;0.03899;0.04168;0.04375;0.02259;0.08898;0.05061;0.04977;0.04900;0.04846;0.04813;0.04835;0.04882;0.04954;0.05048;0.03010;0.02784;0.02377;0.02229;0.04100;0.03948;0.03801;0.03682;0.03574;0.03765;0.03904;0.01375;0.01050;0.00700;0.00350;0.00000;0.00350;0.00700;0.01050;0.03281;0.03371;0.03455;0.03717;0.03889;0.04083;0.04297;0.02886
0.07303;0.07380;0.07683;0.08645;0.09577;0.09827;0.03447;0.07301;0.07257;0.07209;0.08750;0.08712;0.08931;0.09019;0.09120;0.09233;0.08569;0.08521;0.08480;0.08453;0.08441;0.08444;0.08460;0.05787;0.05764;0.05754;0.05765;0.05797;0.05850;0.06256;0.06401;0.07347;0.07433;0.07650;0.10145;0.10054;0.09900;0.09755;0.09621;0.09498;0.09387;0.09287;0.09200;0.09125;0.09063;0.09014;0.08979;0.08957;0.08955;0.06627;0.06693;0.06778;0.06880;0.06998;0.07440;0.07614;0.02843;0.02608;0.02402;0.02232;0.02035;0.02023;0.04153;0.04076;0.04260;0.02173;0.08974;0.05213;0.05111;0.05011;0.04934;0.04852;0.04849;0.04871;0.04918;0.04988;0.03291;0.03051;0.02593;0.02408;0.04305;0.04134;0.03964;0.03818;0.03548;0.03675;0.03785;0.01725;0.01400;0.01050;0.00700;0.00350;0.00000;0.00350;0.00700;0.03451;0.03511;0.03563;0.03763;0.03907;0.04075;0.04266;0.02688
0.07482;0.07570;0.07891;0.08887;0.09837;0.10091;0.03765;0.07476;0.07419;0.07356;0.08916;0.08866;0.08982;0.09057;0.09145;0.09246;0.08702;0.08642;0.08588;0.08547;0.08521;0.08510;0.08512;0.05971;0.05937;0.05910;0.05905;0.05919;0.05955;0.06293;0.06422;0.07382;0.07452;0.07638;0.10320;0.10228;0.10069;0.09921;0.09783;0.09655;0.09539;0.09434;0.09341;0.09260;0.09192;0.09137;0.09095;0.09067;0.09050;0.06702;0.06752;0.06820;0.06906;0.07007;0.07404;0.07564;0.03140;0.02887;0.02658;0.02457;0.02173;0.02106;0.04419;0.04013;0.04171;0.02142;0.09062;0.05383;0.05264;0.05144;0.05044;0.04915;0.04887;0.04884;0.04906;0.04953;0.03584;0.03332;0.02835;0.02622;0.04528;0.04340;0.04150;0.03980;0.03556;0.03616;0.03696;0.02075;0.01750;0.01400;0.01050;0.00700;0.00350;0.00000;0.00350;0.03647;0.03680;0.03701;0.03841;0.03956;0.04097;0.04263;0.02523
0.07672;0.07771;0.08109;0.09136;0.10102;0.10359;0.04089;0.07664;0.07594;0.07517;0.09093;0.09032;0.09046;0.09108;0.09183;0.09271;0.08847;0.08775;0.08708;0.08655;0.08615;0.08590;0.08579;0.06170;0.06124;0.06083;0.06061;0.06060;0.06079;0.06349;0.06462;0.07433;0.07487;0.07642;0.10504;0.10410;0.10248;0.10096;0.09954;0.09822;0.09701;0.09591;0.09493;0.09407;0.09333;0.09272;0.09224;0.09189;0.09158;0.06795;0.06829;0.06880;0.06949;0.07034;0.07384;0.07530;0.03446;0.03180;0.02934;0.02710;0.02356;0.02241;0.04697;0.03979;0.04110;0.02167;0.09163;0.05569;0.05436;0.05296;0.05177;0.05003;0.04950;0.04923;0.04920;0.04942;0.03887;0.03626;0.03098;0.02862;0.04766;0.04564;0.04356;0.04166;0.03598;0.03591;0.03639;0.02425;0.02100;0.01750;0.01400;0.01050;0.00700;0.00350;0.00000;0.03864;0.03872;0.03866;0.03948;0.04035;0.04149;0.04288;0.02398
0.04529;0.04498;0.04660;0.05452;0.06367;0.06622;0.02953;0.04556;0.04563;0.04574;0.06184;0.06201;0.07015;0.07188;0.07373;0.07569;0.05580;0.05587;0.05613;0.05661;0.05730;0.05819;0.05927;0.03040;0.02985;0.02945;0.02946;0.02988;0.03071;0.03724;0.03949;0.05343;0.05533;0.05957;0.07969;0.07841;0.07623;0.07414;0.07217;0.07031;0.06858;0.06699;0.06555;0.06426;0.06315;0.06221;0.06145;0.06089;0.06037;0.05863;0.05970;0.06100;0.06248;0.06410;0.06982;0.07197;0.04484;0.04509;0.04559;0.04636;0.04861;0.05007;0.04673;0.06121;0.06353;0.05355;0.06041;0.02152;0.02128;0.02152;0.02231;0.02532;0.02737;0.02970;0.03224;0.03494;0.02612;0.02457;0.02297;0.02294;0.01899;0.01751;0.01643;0.01606;0.02376;0.02931;0.03229;0.02940;0.02967;0.03035;0.03141;0.03281;0.03451;0.03647;0.03864;0.00000;0.00334;0.00681;0.01380;0.01730;0.02080;0.02430;0.03739
0.04521;0.04503;0.04690;0.05530;0.06470;0.06730;0.03231;0.04545;0.04529;0.04519;0.06170;0.06172;0.06879;0.07042;0.07217;0.07405;0.05476;0.05467;0.05476;0.05508;0.05561;0.05636;0.05731;0.03046;0.02962;0.02883;0.02846;0.02851;0.02899;0.03458;0.03669;0.05160;0.05338;0.05741;0.07996;0.07863;0.07634;0.07416;0.07207;0.07010;0.06825;0.06653;0.06495;0.06353;0.06228;0.06120;0.06030;0.05959;0.05879;0.05840;0.05931;0.06044;0.06175;0.06322;0.06854;0.07057;0.04728;0.04735;0.04767;0.04823;0.05009;0.05135;0.04907;0.06144;0.06362;0.05446;0.05869;0.02098;0.02033;0.02011;0.02050;0.02292;0.02479;0.02699;0.02944;0.03209;0.02858;0.02682;0.02455;0.02411;0.02027;0.01841;0.01682;0.01585;0.02147;0.02676;0.02968;0.03155;0.03154;0.03190;0.03263;0.03371;0.03511;0.03680;0.03872;0.00334;0.00000;0.00350;0.01050;0.01400;0.01750;0.02100;0.03594
0.04540;0.04539;0.04758;0.05657;0.06626;0.06892;0.03500;0.04559;0.04519;0.04483;0.06172;0.06156;0.06735;0.06885;0.07048;0.07225;0.05402;0.05373;0.05362;0.05373;0.05408;0.05464;0.05542;0.03086;0.02974;0.02857;0.02779;0.02745;0.02754;0.03201;0.03394;0.04970;0.05132;0.05509;0.08028;0.07891;0.07654;0.07426;0.07207;0.07000;0.06804;0.06621;0.06452;0.06298;0.06159;0.06038;0.05935;0.05851;0.05744;0.05794;0.05867;0.05961;0.06074;0.06204;0.06692;0.06882;0.04959;0.04946;0.04957;0.04993;0.05135;0.05240;0.05122;0.06128;0.06331;0.05510;0.05722;0.02103;0.01991;0.01914;0.01898;0.02054;0.02213;0.02412;0.02643;0.02897;0.03097;0.02900;0.02607;0.02522;0.02186;0.01965;0.01757;0.01599;0.01894;0.02390;0.02673;0.03367;0.03337;0.03340;0.03380;0.03455;0.03563;0.03701;0.03866;0.00681;0.00350;0.00000;0.00700;0.01050;0.01400;0.01750;0.03416
0.04657;0.04691;0.04966;0.05965;0.06981;0.07255;0.04076;0.04666;0.04580;0.04494;0.06236;0.06184;0.06494;0.06615;0.06753;0.06905;0.05319;0.05251;0.05197;0.05166;0.05159;0.05175;0.05215;0.03279;0.03119;0.02932;0.02777;0.02659;0.02584;0.02748;0.02895;0.04646;0.04771;0.05084;0.08137;0.07992;0.07739;0.07495;0.07259;0.07033;0.06817;0.06613;0.06421;0.06244;0.06081;0.05934;0.05805;0.05694;0.05533;0.05766;0.05800;0.05855;0.05929;0.06023;0.06413;0.06575;0.05458;0.05412;0.05386;0.05384;0.05446;0.05510;0.05593;0.06155;0.06326;0.05702;0.05484;0.02279;0.02090;0.01905;0.01771;0.01699;0.01769;0.01902;0.02086;0.02309;0.03628;0.03402;0.03012;0.02861;0.02617;0.02354;0.02083;0.01840;0.01508;0.01883;0.02133;0.03851;0.03774;0.03723;0.03703;0.03717;0.03763;0.03841;0.03948;0.01380;0.01050;0.00700;0.00000;0.00350;0.00700;0.01050;0.03149
0.04754;0.04803;0.05102;0.06143;0.07177;0.07455;0.04378;0.04758;0.04650;0.04540;0.06296;0.06227;0.06398;0.06505;0.06628;0.06767;0.05312;0.05225;0.05149;0.05095;0.05066;0.05061;0.05080;0.03425;0.03246;0.03030;0.02841;0.02685;0.02568;0.02563;0.02679;0.04515;0.04619;0.04896;0.08214;0.08064;0.07805;0.07554;0.07310;0.07076;0.06851;0.06637;0.06435;0.06246;0.06071;0.05912;0.05770;0.05646;0.05457;0.05784;0.05799;0.05833;0.05887;0.05962;0.06298;0.06444;0.05724;0.05663;0.05621;0.05602;0.05628;0.05673;0.05845;0.06198;0.06353;0.05827;0.05395;0.02439;0.02221;0.01995;0.01809;0.01609;0.01617;0.01699;0.01845;0.02041;0.03914;0.03678;0.03252;0.03076;0.02873;0.02598;0.02310;0.02041;0.01409;0.01682;0.01902;0.04117;0.04021;0.03947;0.03902;0.03889;0.03907;0.03956;0.04035;0.01730;0.01400;0.01050;0.00350;0.00000;0.00350;0.00700;0.03067
0.04874;0.04937;0.05259;0.06336;0.07385;0.07665;0.04686;0.04873;0.04744;0.04612;0.06376;0.06290;0.06321;0.06411;0.06519;0.06644;0.05328;0.05221;0.05123;0.05048;0.04996;0.04969;0.04965;0.03600;0.03404;0.03164;0.02946;0.02756;0.02598;0.02416;0.02494;0.04409;0.04490;0.04726;0.08304;0.08152;0.07887;0.07628;0.07377;0.07135;0.06902;0.06679;0.06467;0.06268;0.06082;0.05911;0.05757;0.05620;0.05404;0.05822;0.05818;0.05832;0.05866;0.05920;0.06201;0.06330;0.05998;0.05923;0.05868;0.05833;0.05825;0.05853;0.06108;0.06261;0.06398;0.05970;0.05327;0.02636;0.02397;0.02139;0.01911;0.01592;0.01531;0.01549;0.01643;0.01801;0.04209;0.03965;0.03510;0.03315;0.03147;0.02864;0.02564;0.02278;0.01394;0.01536;0.01713;0.04394;0.04282;0.04188;0.04121;0.04083;0.04075;0.04097;0.04149;0.02080;0.01750;0.01400;0.00700;0.00350;0.00000;0.00350;0.03023
0.05015;0.05093;0.05434;0.06542;0.07604;0.07886;0.05000;0.05010;0.04862;0.04709;0.06473;0.06371;0.06262;0.06336;0.06428;0.06538;0.05367;0.05241;0.05122;0.05025;0.04950;0.04900;0.04874;0.03799;0.03590;0.03329;0.03087;0.02867;0.02675;0.02312;0.02347;0.04329;0.04385;0.04577;0.08409;0.08253;0.07982;0.07718;0.07460;0.07211;0.06970;0.06739;0.06518;0.06309;0.06113;0.05931;0.05765;0.05615;0.05373;0.05882;0.05859;0.05851;0.05865;0.05899;0.06122;0.06234;0.06280;0.06193;0.06124;0.06075;0.06036;0.06047;0.06379;0.06342;0.06463;0.06129;0.05282;0.02862;0.02609;0.02328;0.02068;0.01651;0.01523;0.01469;0.01497;0.01603;0.04513;0.04262;0.03784;0.03572;0.03435;0.03147;0.02839;0.02542;0.01464;0.01461;0.01580;0.04681;0.04555;0.04444;0.04357;0.04297;0.04266;0.04263;0.04288;0.02430;0.02100;0.01750;0.01050;0.00700;0.00350;0.00000;0.03020
0.06470;0.06654;0.07138;0.08480;0.09648;0.09949;0.04635;0.06437;0.06275;0.06104;0.07710;0.07572;0.07037;0.07046;0.07072;0.07115;0.07370;0.07229;0.07089;0.06964;0.06854;0.06760;0.06684;0.05143;0.05028;0.04900;0.04793;0.04711;0.04654;0.04685;0.04758;0.05417;0.05403;0.05443;0.09162;0.09051;0.08860;0.08679;0.08508;0.08349;0.08202;0.08067;0.07945;0.07837;0.07743;0.07664;0.07601;0.07553;0.07505;0.05217;0.05162;0.05123;0.05108;0.05116;0.05283;0.05383;0.05027;0.04797;0.04580;0.04380;0.04042;0.03909;0.05232;0.03622;0.03675;0.03728;0.07506;0.04629;0.04402;0.04147;0.03907;0.03483;0.03307;0.03159;0.03045;0.02968;0.04167;0.03850;0.03150;0.02800;0.04221;0.03931;0.03618;0.03312;0.02013;0.01731;0.01685;0.03878;0.03620;0.03357;0.03110;0.02886;0.02688;0.02523;0.02398;0.03739;0.03594;0.03416;0.03149;0.03067;0.03023;0.03020;0.00000
