3.141106658969355925e-01;1.153375101340310405e-01;4.171782281443676271e-02;1.447853850618687765e-01;3.828223740618902915e-01;4.036812854691086416e-01
7.239269253093438827e-02;-1.079755414020716203e-01;0.000000000000000000e+00;8.098165605155371871e-02;2.282210306907422881e-01;1.766872495670262777e-01
-9.202460914949285586e-02;5.766875506701552023e-02;-1.963191661855847453e-02;2.883437753350776012e-01;1.386504111185692389e-01;-6.257673422165513366e-02
-1.472393746391885694e-01;6.134973943299523724e-03;8.343564562887352543e-02;2.000001505515645039e-01;3.803683844845704570e-02;-2.159510828041432406e-01
-1.042945570360919033e-01;1.226994788659904745e-02;1.288344528092900121e-01;-6.134973943299523724e-02;-2.588959004072399206e-01;-2.515339316752804866e-01
-6.380372901031504396e-02;-9.447859872681266258e-02;-1.546013433711480034e-01;-2.306750202680620809e-01;-2.331290098453819015e-01;-2.981597336443568280e-01
-3.411045512474535357e-01;-3.570554835000322447e-01;-2.478529473093007696e-01;-9.570559351547257287e-02;-1.546013433711480034e-01;-2.601228951958998170e-01
-3.668714418093115270e-01;-1.889571974536253252e-01;-2.527609264639403830e-01;-1.300614475979499085e-01;-6.134973943299523724e-02;-4.907979154639618979e-02
-5.717795715155156167e-01;-2.417179733660012597e-01;-3.631904574433317823e-01;-1.263804632319701915e-01;6.134973943299523724e-03;-7.484668210825419499e-02
-6.073624203866527793e-01;-2.453989577319809316e-03;-2.981597336443568280e-01;-4.171782281443676271e-02;-1.411044006958890595e-01;-4.049082802577685936e-02
-4.932519050412817463e-01;-3.447855356134332250e-01;-2.233130515361026747e-01;-2.220860567474427505e-01;-2.257670411134224675e-01;-3.803683844845704431e-01
-3.607364678660119894e-01;-2.576689056185800242e-01;-1.092025361907315167e-01;-4.907979154639618632e-03;-1.349694267525895219e-01;-2.895707701237375531e-01
-3.116566763196157996e-01;-8.834362478351313885e-02;-3.680984365979714235e-02;7.975466126289380842e-02;-1.950921713969248628e-01;-2.110431036495036272e-01
3.680984365979714235e-02;2.429449681546611284e-01;1.889571974536253252e-01;1.631903068917673338e-01;4.171782281443676271e-02;8.466264041753342184e-02
4.233132020876671509e-01;3.987733063144690560e-01;2.846627909690978564e-01;2.233130515361026747e-01;2.061351244948640138e-01;2.122700984381635514e-01
4.417181239175657081e-01;3.901843427938497255e-01;3.901843427938497255e-01;2.969327388556969316e-01;3.312885929381743089e-01;1.361964215412494184e-01
4.233132020876671509e-01;4.674850144794236995e-01;4.748469832113831335e-01;2.674848639278591955e-01;1.877302026649654287e-01;2.981597336443568280e-01
4.085892646237482828e-01;4.748469832113831335e-01;4.294481760309666329e-01;3.202456398402351301e-01;1.607363173144475132e-01;3.374235668814738465e-01
3.619634626546718859e-01;4.355831499742662261e-01;3.558284887113723483e-01;7.239269253093438827e-02;2.208590619587828541e-01;-1.435583902732088524e-01
3.730064157526110646e-01;4.404911291289058117e-01;2.257670411134224675e-01;9.079761436083294557e-02;-1.595093225257876168e-01;-1.435583902732088524e-01
3.730064157526110646e-01;2.957057440670370352e-01;-6.871170816495467126e-02;-1.914111870309451457e-01;-2.552149160412601758e-01;-3.374235668814738465e-01
2.993867284330167799e-01;9.815958309279237265e-03;-1.276074580206300879e-01;-1.656442964690871544e-01;-6.380372901031504396e-02;-2.441719629433210248e-01
2.049081297062041174e-01;-5.766875506701552023e-02;7.239269253093438827e-02;1.165645049226909508e-01;8.466264041753342184e-02;-3.558284887113723205e-02
3.251536189948747713e-01;-4.049082802577685936e-02;2.613498899845597134e-01;2.601228951958998170e-01;2.785278170257983743e-01;2.134970932268234201e-01
2.196320671701229299e-01;1.595093225257876168e-01;2.773008222371384779e-01;2.895707701237375531e-01;2.944787492783771388e-01;3.079756919536360549e-01
2.159510828041432406e-01;3.411045512474535357e-01;3.386505616701336874e-01;3.828223740618902915e-01;3.717794209639511682e-01;3.006137232216766764e-01
1.852762130876456081e-01;3.865033584278699808e-01;4.024542906804487452e-01;3.361965720928138945e-01;3.582824782886921966e-01;3.116566763196157996e-01
3.926383323711695184e-01;4.012272958917887933e-01;4.650310249021039066e-01;4.269941864536468401e-01;3.815953792732303396e-01;3.840493688505501879e-01
5.288347539124189645e-01;4.601230457474643210e-01;3.484665199794129697e-01;4.282211812423067365e-01;3.950923219484893112e-01;3.987733063144690560e-01
4.883439258866420496e-01;4.662580196907638030e-01;4.331291603969463777e-01;4.024542906804487452e-01;4.478530978608652457e-01;3.766874001185907539e-01
4.564420613814845762e-01;4.613500405361241619e-01;4.134972437783878685e-01;4.269941864536468401e-01;4.122702489897280276e-01;4.098162594124082347e-01
4.858899363093222568e-01;4.687120092680836514e-01;4.552150665928246798e-01;3.950923219484893112e-01;3.828223740618902915e-01;3.239266242062148748e-01
5.693255819381957128e-01;3.877303532165298772e-01;3.950923219484893112e-01;3.963193167371492631e-01;2.871167805464177047e-01;3.116566763196157996e-01
5.558286392629369077e-01;3.533744991340525554e-01;3.963193167371492631e-01;3.705524261752912163e-01;3.607364678660119894e-01;3.386505616701336874e-01
5.067488477165407179e-01;3.570554835000322447e-01;3.987733063144690560e-01;3.190186450515752337e-01;2.748468326598186851e-01;0.000000000000000000e+00
4.282211812423067365e-01;3.901843427938497255e-01;3.987733063144690560e-01;3.828223740618902915e-01;0.000000000000000000e+00;0.000000000000000000e+00
4.429451187062256046e-01;3.533744991340525554e-01;4.429451187062256046e-01;4.822089519433425675e-01;0.000000000000000000e+00;0.000000000000000000e+00
3.975463115258091595e-01;4.122702489897280276e-01;4.981598841959212765e-01;0.000000000000000000e+00;0.000000000000000000e+00;0.000000000000000000e+00
4.490800926495250867e-01;4.134972437783878685e-01;4.490800926495250867e-01;0.000000000000000000e+00;0.000000000000000000e+00;0.000000000000000000e+00
4.233132020876671509e-01;3.828223740618902915e-01;0.000000000000000000e+00;0.000000000000000000e+00;0.000000000000000000e+00;0.000000000000000000e+00
3.766874001185907539e-01;3.644174522319916787e-01;0.000000000000000000e+00;0.000000000000000000e+00;0.000000000000000000e+00;0.000000000000000000e+00
