3.925621929439895158e-02;6.714879616147187424e-02;-5.165292012420914271e-03;-1.859505124471529103e-02;-8.574384740618717915e-02;-5.371903692917750356e-02
1.642562859949850684e-01;-3.822316089191476335e-02;1.022727818459340937e-01;5.268597852669332920e-02;3.853307841266002121e-01;4.566118138980088670e-01
2.324381405589411587e-01;2.995869367204129913e-02;-7.231408817389279459e-03;2.954547031104763355e-01;2.975208199154446564e-01;1.725207532148585465e-01
4.132233609936731417e-02;-6.508267935650352554e-02;3.719010248943058206e-02;2.314050821564569427e-01;2.076447388993207521e-01;-1.002066650409657311e-01
-2.283059069490044335e-01;2.066116804968365708e-02;2.324381405589411587e-01;1.756199284223110835e-01;-1.694215780074059818e-01;-3.181819879651283101e-01
-1.384298259328805014e-01;1.146694826757442970e-01;2.045455636918681874e-01;1.549587603726274576e-01;-7.334714657637698976e-02;-1.136364242732601330e-02
1.146694826757442970e-01;4.142564193961572605e-01;3.595043240644956173e-01;1.983472132769631135e-01;1.632232275925009080e-01;1.033058402484182819e-01
1.818182788372162129e-01;1.239670082981019494e-01;3.357439808073594545e-01;1.528926435676590534e-01;1.683885196049217936e-01;2.169422645216784185e-02
4.235539450185149546e-02;-2.376034325713620790e-02;2.055786220943524034e-01;-4.235539450185149546e-02;-4.132233609936731417e-02;3.512398568446221947e-02
-2.138430893142258538e-01;1.177686578831968617e-01;6.714879616147187424e-02;-5.165292012420914271e-03;1.404959427378488779e-01;1.962810964719947579e-02
-2.438017829862671737e-01;1.002066650409657311e-01;-1.652893443974692567e-01;2.582646006210457049e-02;1.342975923229437589e-02;-2.303720237539727822e-01
-7.954549699128207751e-02;-3.925621929439895158e-02;-2.995869367204129913e-02;1.570248771775958063e-01;7.334714657637698976e-02;2.479340165962038919e-02
1.136364242732601330e-02;1.446281763477855892e-02;5.061986172172495968e-02;4.855374491675659709e-02;7.747938018631372881e-02;-6.508267935650352554e-02
9.814054823599736854e-02;1.384298259328805014e-01;1.219008914931335869e-01;4.958680331924077839e-02;9.297525622357645514e-02;-1.260331251030702981e-01
2.469009581937196829e-01;1.911158044595738514e-01;1.425620595428172266e-01;1.756199284223110973e-02;1.756199284223110835e-01;-1.322314755179754275e-01
2.913224695005395826e-01;2.438017829862671737e-01;4.855374491675659709e-02;-1.095041906633233836e-01;-1.694215780074059818e-01;-1.136364242732601088e-01
3.088844623427706715e-01;2.210744981316151436e-01;8.987608101612390432e-02;-2.489670749986880594e-01;-2.964877615129604682e-01;-2.407026077788146090e-01
3.305786887949385133e-01;2.241736733390676528e-01;7.954549699128207751e-02;-1.756199284223110835e-01;-3.574382072595272408e-01;-2.809918854756977558e-01
3.243803383800333839e-01;2.706613014508559290e-01;3.305786887949385688e-02;-3.202481047700966865e-01;-4.039258353713154892e-01;-5.640498877563638880e-01
3.502067984421379787e-01;2.685951846458874970e-01;-3.099175207452548736e-02;-3.006199951228972211e-01;-3.904960761390210977e-01;-5.578515373414587586e-01
3.822316089191477029e-01;1.322314755179754275e-01;-2.004133300819314623e-01;-3.347109224048752663e-01;-3.533059736495905434e-01;-2.396695493763303930e-01
3.419423312222644729e-01;-1.528926435676590534e-01;-3.522729152471063552e-01;-4.008266601638629245e-01;-3.378100976123277754e-01;-2.541323670111089728e-01
6.198350414905097472e-02;-3.522729152471063552e-01;-3.935952513464736624e-01;-3.956613681514420389e-01;-3.140497543551916126e-01;-2.365703741688778838e-01
-1.126033658707759344e-01;-4.225208866160308219e-01;-3.677687912843690676e-01;-2.561984838160773492e-01;-2.995869367204130329e-01;-2.861571774881186414e-01
-3.801654921141793264e-01;-3.791324337116951382e-01;-3.429753896247487166e-01;-2.345042573639095074e-01;-2.407026077788146090e-01;-2.530993086086248400e-01
-4.297522954334200285e-01;-3.202481047700966865e-01;-2.024794468868998387e-01;-2.055786220943524034e-01;-2.396695493763303930e-01;-2.386364909738462325e-01
-3.884299593340527768e-01;-2.582646006210457257e-01;-1.280992419080386746e-01;-2.076447388993207521e-01;-1.528926435676590534e-01;-1.642562859949850684e-01
-2.479340165962038989e-01;-1.776860452272794599e-01;-1.126033658707759344e-01;-9.504137302854483160e-02;-1.208678330906493847e-01;1.962810964719947579e-02
-2.086777973018049681e-01;-1.332645339204595880e-01;-7.747938018631372881e-02;-1.115703074682917462e-01;-9.607443143102900596e-02;-7.541326338134535234e-02
-1.704546364098901701e-01;-1.539257019701432139e-01;-1.280992419080386746e-01;-1.353306507254279645e-01;-7.231408817389280153e-02;-2.138430893142258538e-01
-2.024794468868998387e-01;-1.787191036297636204e-01;-2.148761477167100142e-01;-1.787191036297636204e-01;-1.745868700198269230e-01;-2.190083813266467672e-01
-2.004133300819314623e-01;-2.469009581937196829e-01;-2.117769725092574773e-01;-2.417356661812987695e-01;-1.952480380695105489e-01;-2.066116804968365639e-01
-1.776860452272794599e-01;-2.489670749986880594e-01;-2.334711989614253191e-01;-2.066116804968365639e-01;-2.117769725092574773e-01;-1.539257019701432139e-01
-1.818182788372162129e-01;-2.902894110980553388e-01;-2.613637758284982904e-01;-2.076447388993207521e-01;-1.890496876546054472e-01;-1.787191036297636204e-01
-2.190083813266467672e-01;-3.233472799775492512e-01;-2.293389653514885940e-01;-1.983472132769631135e-01;-1.404959427378488779e-01;0.000000000000000000e+00
-2.768596518657610028e-01;-2.840910606831503205e-01;-2.128100309117416933e-01;-1.425620595428172266e-01;0.000000000000000000e+00;0.000000000000000000e+00
-2.696282430483717407e-01;-2.933885863055079590e-01;-1.177686578831968617e-01;1.136364242732601330e-02;0.000000000000000000e+00;0.000000000000000000e+00
-2.882232942930869624e-01;-2.592976590235299139e-01;-1.033058402484182819e-01;0.000000000000000000e+00;0.000000000000000000e+00;0.000000000000000000e+00
-2.644629510359508551e-01;-1.704546364098901701e-01;-9.090913941860810643e-02;0.000000000000000000e+00;0.000000000000000000e+00;0.000000000000000000e+00
-2.407026077788146090e-01;-1.838843956421845338e-01;0.000000000000000000e+00;0.000000000000000000e+00;0.000000000000000000e+00;0.000000000000000000e+00
-2.210744981316151436e-01;-1.342975923229437485e-01;0.000000000000000000e+00;0.000000000000000000e+00;0.000000000000000000e+00;0.000000000000000000e+00
