-4.901960784313726116e-02;8.823529411764706454e-02;-1.127450980392156882e-01;-3.553921568627451677e-01;-3.921568627450980893e-01;-5.441176470588235947e-01
-2.696078431372549156e-02;-3.284313725490196623e-01;-2.303921568627451122e-01;-3.210784313725490446e-01;-2.303921568627451122e-01;-1.544117647058823595e-01
1.911764705882353366e-01;-9.313725490196078649e-02;-3.137254901960784825e-01;-1.936274509803921906e-01;-1.789215686274509831e-01;-1.985294117647058987e-01
-7.598039215686275272e-02;-1.593137254901960953e-01;-3.921568627450980893e-01;-2.598039215686274717e-01;-1.568627450980392413e-01;-4.509803921568627527e-01
-3.137254901960784825e-01;-7.107843137254903076e-02;-3.112745098039216285e-01;-1.789215686274509831e-01;-3.480392156862745501e-01;-4.607843137254902244e-01
-2.549019607843137636e-01;-1.911764705882353366e-01;-2.769607843137255609e-01;-9.803921568627452232e-02;-1.813725490196078649e-01;-2.965686274509804488e-01
1.495098039215686236e-01;-8.088235294117648855e-02;9.068627450980393245e-02;-2.450980392156863058e-02;-1.421568627450980615e-01;-1.715686274509804210e-01
1.004901960784313902e-01;-2.500000000000000555e-01;1.862745098039215730e-01;-1.838235294117647189e-01;-1.936274509803921906e-01;-3.186274509803921906e-01
0.000000000000000000e+00;-2.426470588235294379e-01;-1.495098039215686236e-01;-4.166666666666667407e-01;-4.950980392156863474e-01;-4.534313725490197178e-01
-8.578431372549021050e-02;-2.107843137254902244e-01;-3.774509803921569095e-01;-5.073529411764705621e-01;-4.019607843137255609e-01;-5.122549019607843812e-01
-3.333333333333333703e-01;-3.602941176470588758e-01;-6.421568627450980893e-01;-4.215686274509804488e-01;-3.823529411764706731e-01;-1.838235294117647189e-01
-2.524509803921569095e-01;-2.965686274509804488e-01;-4.950980392156863474e-01;-3.235294117647059542e-01;1.470588235294117627e-02;-5.637254901960784409e-02
-2.892156862745098311e-01;-2.892156862745098311e-01;-3.848039215686274717e-01;-3.455882352941176405e-01;3.921568627450981032e-02;-2.794117647058823595e-01
-3.406862745098039325e-01;-3.406862745098039325e-01;-4.215686274509804488e-01;-3.406862745098039325e-01;-1.127450980392156882e-01;-4.362745098039216285e-01
-3.039215686274510109e-01;-4.950980392156863474e-01;-4.191176470588235947e-01;-3.308823529411765163e-01;-3.357843137254902244e-01;-2.916666666666666852e-01
-3.578431372549019662e-01;-4.313725490196078649e-01;-4.166666666666667407e-01;-4.387254901960784825e-01;-4.509803921568627527e-01;-3.161764705882353366e-01
-3.553921568627451677e-01;-3.897058823529412352e-01;-4.044117647058823595e-01;-4.485294117647059542e-01;-3.210784313725490446e-01;-2.475490196078431737e-01
-3.088235294117647189e-01;-3.651960784313725839e-01;-3.651960784313725839e-01;-3.504901960784314041e-01;-2.745098039215686514e-01;-1.740196078431372750e-01
-2.892156862745098311e-01;-2.475490196078431737e-01;-1.740196078431372750e-01;-2.450980392156863197e-01;-2.132352941176471062e-01;-1.078431372549019662e-01
-2.769607843137255609e-01;-1.299019607843137358e-01;-2.450980392156863145e-03;-3.921568627450981032e-02;8.088235294117648855e-02;-6.372549019607844090e-02
-9.068627450980393245e-02;2.450980392156863058e-02;1.102941176470588341e-01;1.029411764705882443e-01;1.666666666666666852e-01;3.186274509803921906e-01
9.558823529411766828e-02;-2.696078431372549156e-02;7.352941176470588133e-03;2.450980392156863058e-02;8.578431372549021050e-02;3.088235294117647189e-01
-1.348039215686274717e-01;-8.333333333333334259e-02;-6.862745098039216285e-02;4.901960784313726290e-03;1.151960784313725561e-01;3.333333333333333703e-01
-3.553921568627451677e-01;-1.519607843137255054e-01;-2.450980392156863058e-02;1.519607843137255054e-01;1.642156862745098311e-01;2.205882352941176683e-01
-5.098039215686275272e-01;-8.823529411764706454e-02;2.941176470588235253e-02;1.862745098039215730e-01;2.279411764705882582e-01;1.740196078431372750e-01
-4.215686274509804488e-01;1.225490196078431529e-02;1.887254901960784548e-01;1.936274509803921906e-01;2.058823529411764885e-01;2.426470588235294379e-01
-2.990196078431372473e-01;8.823529411764706454e-02;2.573529411764706176e-01;2.622549019607843257e-01;3.529411764705882582e-01;2.549019607843137636e-01
-9.068627450980393245e-02;2.426470588235294379e-01;2.843137254901961231e-01;3.872549019607843812e-01;3.602941176470588758e-01;3.750000000000000555e-01
4.411764705882353227e-02;2.426470588235294379e-01;4.117647058823529771e-01;3.627450980392157298e-01;3.014705882352941568e-01;3.284313725490196623e-01
1.519607843137255054e-01;2.009803921568627805e-01;3.602941176470588758e-01;3.137254901960784825e-01;3.431372549019608420e-01;2.500000000000000555e-01
1.176470588235294101e-01;2.083333333333333703e-01;2.254901960784313764e-01;2.132352941176471062e-01;2.524509803921569095e-01;2.132352941176471062e-01
1.200980392156862780e-01;1.838235294117647189e-01;1.740196078431372750e-01;1.715686274509804210e-01;2.230392156862745501e-01;2.205882352941176683e-01
1.789215686274509831e-01;2.254901960784313764e-01;1.568627450980392413e-01;1.642156862745098311e-01;1.740196078431372750e-01;2.083333333333333703e-01
1.470588235294117696e-01;1.519607843137255054e-01;1.102941176470588341e-01;1.764705882352941291e-01;1.789215686274509831e-01;1.691176470588235392e-01
1.593137254901960953e-01;6.127450980392157992e-02;1.200980392156862780e-01;2.132352941176471062e-01;2.328431372549019940e-01;0.000000000000000000e+00
1.593137254901960953e-01;1.127450980392156882e-01;1.470588235294117696e-01;1.740196078431372750e-01;0.000000000000000000e+00;0.000000000000000000e+00
1.372549019607843257e-01;6.862745098039216285e-02;1.936274509803921906e-01;2.426470588235294379e-01;0.000000000000000000e+00;0.000000000000000000e+00
1.151960784313725561e-01;5.637254901960784409e-02;1.691176470588235392e-01;0.000000000000000000e+00;0.000000000000000000e+00;0.000000000000000000e+00
8.333333333333334259e-02;1.519607843137255054e-01;2.377450980392157021e-01;0.000000000000000000e+00;0.000000000000000000e+00;0.000000000000000000e+00
1.004901960784313902e-01;1.666666666666666852e-01;0.000000000000000000e+00;0.000000000000000000e+00;0.000000000000000000e+00;0.000000000000000000e+00
1.299019607843137358e-01;1.887254901960784548e-01;0.000000000000000000e+00;0.000000000000000000e+00;0.000000000000000000e+00;0.000000000000000000e+00
