-3.008049862739071711e-01;-3.196052979160263763e-01;-1.859141929054009823e-01;-1.483135696211625720e-01;-2.538042071686091306e-01;-2.726045188107283912e-01
-7.415678481058128602e-02;-1.608471107159087088e-01;-6.475662898952168345e-02;-1.806918841159234068e-01;-3.091606803370712808e-01;-2.444040513475495835e-01
-3.070717568212802395e-01;-2.496263601370271590e-01;-3.164719126423398698e-01;-3.091606803370712808e-01;-2.872269834212655137e-01;-4.010733150318761542e-01
-4.042067003055628271e-01;-5.681871962951580146e-01;-3.206497596739218969e-01;-3.864508504213390871e-01;-2.475374366212361177e-01;-2.778268276002059389e-01
-4.888081026950991670e-01;-3.979399297581897033e-01;-4.532964029266517425e-01;-2.423151278317585700e-01;-2.412706660738630493e-01;-2.130701986106842416e-01
-2.746934423265194325e-01;-2.329149720106989396e-01;-2.256037397054304061e-01;-3.310943772528770479e-01;-2.475374366212361177e-01;-2.903603686949520757e-01
-3.603393064739512930e-01;-3.916731592108166904e-01;-2.558931306844002274e-01;-4.856747174214126050e-01;-4.073400855792493336e-01;-4.083845473371447987e-01
-4.240514737055775529e-01;-5.253642642214420011e-01;-1.410023373158940108e-01;-4.532964029266517425e-01;-2.830491363896835422e-01;-3.634726917476378549e-01
-1.399578755579984624e-01;-2.611154394738777196e-01;-3.049828333054891982e-01;-2.015811192738336532e-01;-1.451801843474760378e-01;-2.151591221264752551e-01
-1.566692636843266748e-02;-2.893159069370565550e-01;-3.603393064739512930e-01;-2.705155952949373499e-01;-3.049828333054891982e-01;-3.582503829581602517e-01
-2.370928190422810222e-01;-2.955826774844296789e-01;-3.143829891265488841e-01;-4.083845473371447987e-01;-4.700077910529799619e-01;-4.188291649160999497e-01
-3.436279183476231291e-01;-2.903603686949520757e-01;-3.927176209687121555e-01;-3.551169976844738008e-01;-6.183213606741425616e-01;-6.120545901267694378e-01
-2.245592779475348855e-01;-3.133385273686533634e-01;-3.164719126423398698e-01;-4.679188675371889206e-01;-6.486107516531124384e-01;-3.864508504213390871e-01
-6.893447602110373829e-02;-2.256037397054304061e-01;-3.206497596739218969e-01;-5.775873521162175894e-01;-5.284976494951286741e-01;-4.313627060108460864e-01
-3.864508504213391010e-02;-1.451801843474760378e-01;-3.196052979160263763e-01;-4.553853264424428393e-01;-3.979399297581897033e-01;-4.574742499582338806e-01
-7.206786129479025860e-02;-1.274243344632523534e-01;-2.705155952949373499e-01;-2.350038955264899809e-01;-2.914048304528475963e-01;-5.452090376214567824e-01
-6.371216723162617668e-02;-7.833463184216334085e-02;-1.963588104843560778e-01;-2.506708218949226796e-01;-4.146513178845178671e-01;-5.869875079372771642e-01
-1.159352551264017372e-01;-1.378689520422074766e-01;-1.462246461053715307e-01;-2.109812750948932558e-01;-4.000288532739806890e-01;-4.512074794108608122e-01
-1.984477340001470913e-01;-1.222020256737747917e-01;-2.036700427896246668e-01;-1.963588104843560778e-01;-3.509391506528917182e-01;-2.632043629896688164e-01
-1.618915724738042294e-01;-1.284687962211478740e-01;-1.598026489580131881e-01;-2.193369691580573100e-01;-2.527597454107136654e-01;-1.096684845790286550e-01
-1.869586546632964752e-01;-2.391817425580720080e-01;-2.350038955264899809e-01;-2.652932865054598022e-01;-2.997605245160117060e-01;-1.242909491895658192e-01
-3.091606803370712808e-01;-4.982082585161587418e-01;-3.248276067055039240e-01;-3.457168418634141149e-01;-2.057589663054156803e-01;-4.282293207371595106e-02
-4.710522528108754825e-01;-2.611154394738777196e-01;-2.569375924422957480e-01;-1.357800285264164353e-01;-3.446723801055186914e-02;1.775584988422369004e-01
-5.211864171898600295e-01;-1.504024931369535856e-01;-4.700077910529799202e-02;4.177847031582044429e-03;1.723361900527592971e-01;1.190686404000882714e-01
-3.676505387792199375e-01;-1.013127905158645731e-01;2.924492922107430753e-02;8.877924942111845019e-02;1.733806518106548178e-01;1.075795610632376276e-01
-2.370928190422810222e-01;-2.297815867370124610e-02;5.117862613688004686e-02;7.624570832637229956e-02;2.308260484949079538e-01;1.587581872001176675e-01
-1.232464874316702985e-01;3.133385273686533495e-02;2.924492922107430753e-02;1.974032722422515984e-01;1.117574080948196824e-01;8.877924942111845019e-02
-2.057589663054156803e-01;2.297815867370124610e-02;7.520124656847679279e-02;1.148907933685062166e-01;5.013416437898451927e-02;-4.595631734740249219e-02
-1.660694195053862565e-01;1.671138812632817772e-02;1.065350993053421208e-01;1.347355667685209146e-01;1.357800285264164353e-02;-2.506708218949225964e-02
-9.817940524217803888e-02;8.773478766322292954e-02;1.075795610632376276e-01;1.013127905158645731e-01;5.953432020004413572e-02;2.162035838843707758e-01
-2.924492922107430753e-02;7.833463184216334085e-02;1.796474223580278862e-01;9.817940524217803888e-02;1.587581872001176675e-01;1.786029606001323933e-01
8.982371117901394308e-02;1.963588104843560778e-01;1.117574080948196824e-01;1.305577197369388598e-01;1.148907933685062166e-01;1.263798727053568327e-01
6.893447602110373829e-02;1.650249577474907636e-01;9.086817293690946373e-02;3.133385273686533495e-02;8.042355535795435439e-02;7.206786129479025860e-02
2.402262043159675980e-02;1.211575639158792850e-01;3.133385273686533495e-02;6.162324371583514926e-02;1.441357225895805172e-01;1.357800285264164353e-01
3.655616152634288268e-02;9.086817293690946373e-02;4.491185558950697154e-02;1.002683287579690385e-01;1.295132579790433669e-01;0.000000000000000000e+00
5.744539668425310830e-02;5.117862613688004686e-02;3.760062328423839639e-02;1.180241786421927369e-01;0.000000000000000000e+00;0.000000000000000000e+00
3.133385273686533495e-02;5.326754965267106040e-02;2.297815867370124610e-02;-3.446723801055186914e-02;0.000000000000000000e+00;0.000000000000000000e+00
5.848985844214861507e-02;2.506708218949225964e-02;-8.355694063164088858e-03;0.000000000000000000e+00;0.000000000000000000e+00;0.000000000000000000e+00
-1.044461757895511107e-03;3.760062328423839639e-02;6.997893777899923118e-02;0.000000000000000000e+00;0.000000000000000000e+00;0.000000000000000000e+00
1.253354109474612982e-02;1.378689520422074766e-01;0.000000000000000000e+00;0.000000000000000000e+00;0.000000000000000000e+00;0.000000000000000000e+00
-1.044461757895511107e-03;1.169797168842972301e-01;0.000000000000000000e+00;0.000000000000000000e+00;0.000000000000000000e+00;0.000000000000000000e+00
