N2-M4;0.609049
N3-L6;-0.238057
R1-U4;0.147780
R4-U4;0.505661
R5-U4;0.381109
R7-U8;-0.202542
R8-U8;0.185666
R2-U4;0.366365
R3-U4;0.863533
W3-Y13;1.357061
W4-Y13;1.170621
W5-Y16;0.319167
W6-Y16;-0.034847
W7-Y16;0.396680
L1-M4;1.512439
L2-M4;0.375817
L3-M4;0.239480
L7-L6;-0.037382
L10-L11;1.832625
L12-L11;0.461939
L13-L11;0.652425
L14-L11;-0.008039
L15-L11;0.183971
M1-M4;0.355391
M5-M4;0.322466
M6-M4;0.232626
M7-M4;0.136386
M8-L6;0.520285
M9-L11;0.488659
M10-L11;0.131242
M12-L11;0.138743
P1-O3;0.923262
P2-O3;0.576805
P3-O3;-0.175482
P4-O3;0.468015
P7-P12;1.141629
P8-P12;0.202064
P9-P12;-0.148403
P10-P12;-0.164762
P11-P12;0.247281
P13-P12;-0.210099
P14-P12;-0.013340
P15-P12;-0.055121
A2-U4;0.303038
A3-A1;NaN
Q1-O3;0.551660
Q2-O3;0.260205
Q3-O3;-0.193827
Q9-Q13;-0.104408
Q10-Q13;0.061168
Q11-Q13;0.230120
Q12-Q13;-0.296908
Q14-Q13;0.232946
Q15-Q13;0.168702
C1-V4;0.424708
C2-U4;0.187177
C4-C14;NaN
C5-C14;NaN
C6-C14;NaN
X1-L6;0.920013
X2-L6;0.043955
X3-L6;-0.153692
X18-X17;0.025128
C7-C14;NaN
C15-C13;-0.075514
Y1-L6;0.387809
Y2-L6;-0.100300
Y14-Y13;0.044462
Y15-Y16;-0.136754
Y17-Y16;0.140801
Y18-Y16;1.010870
A4-A1;NaN
A5-A9;NaN
A10-U4;-0.027860
A11-U4;-0.054701
A12-U4;-0.250863
A13-U8;0.051131
O1-O3;0.472937
O2-O3;-0.223580
O6-O5;0.624501
O7-O8;0.347142
O12-O11;0.643498
U1-U4;0.040990
U2-U4;0.403904
U3-U4;0.356608
V1-V4;-0.018958
V2-V4;0.348619
V3-V4;-0.016759
V11-V10;0.974140
V12-V14;0.204861
V13-V14;0.018679
V15-V14;0.303266
V16-V14;1.213581
T2-U4;0.521968
T3-U4;0.764483
T5-U4;0.108949
T6-U4;0.078646
T7-U4;0.482615
S1-U4;0.182939
S2-U4;0.687531
S3-U4;0.372573
S4-U4;-0.004035
S5-U4;0.119879
S6-U8;-0.053319
S7-U8;0.052352
S8-U8;-0.046164
S9-U9;-0.257602
S10-U9;0.705542
F1-M4;0.727354
F2-M4;-0.091279
F5-M4;0.048718
F6-M4;0.581400
F7-M4;0.936787
F8-M4;0.677073
F9-M4;0.549346
F10-M4;0.489208
U5-U4;0.388622
U6-U4;0.481718
U7-U8;-0.121443
U10-U9;0.233396
