-2.847092628618003163e-01;-6.828819957939861185e-01;-1.523352144463507307e-01;-2.626469214592253715e-02;-1.218681715570805874e-01;5.778232272102959421e-02
-6.114420331570766809e-01;-4.328421265648034200e-01;-2.531916322866932800e-01;-3.130751303793966600e-01;1.596893282472090503e-01;-4.191844866489237154e-01
-3.372386471536454322e-01;7.354113800858310887e-03;-1.491834513888400660e-01;2.763045613751051177e-01;-4.086786097905547588e-01;-5.263444306042877052e-01
-2.868104382334741298e-01;-4.496515295381939281e-01;6.408584883605100702e-02;-4.223362497064344634e-01;7.354113800858310887e-03;-2.363822293133028551e-01
-1.712457927914149691e-01;-1.050587685836901729e-02;1.470822760171662177e-02;-2.647480968308992266e-01;-1.428799252738186254e-01;3.309351210386239917e-01
-2.458375184858349882e-01;3.057210165785383404e-01;-3.403904102111561247e-01;-1.050587685836901486e-01;2.426857554283242957e-01;-1.901563711364792075e-01
-2.899622012909848223e-01;-2.500398692291825875e-01;-5.084844399450603181e-01;-4.517527049098676861e-02;-2.479386938575087740e-01;-6.303526115021410026e-02
-1.187164084995698810e-01;-4.916750369716699764e-01;-1.638916789905566496e-01;2.626469214592254131e-01;-9.455289172532113651e-02;-3.635033392995679624e-01
3.571998131845465774e-01;-5.883291040686648710e-02;3.036198412068645824e-01;1.050587685836901729e-02;-1.586387405613721713e-01;-7.669290106609381874e-02
6.723761189356169954e-02;-1.334246361012864923e-01;2.752539736892682387e-01;-6.303526115021408464e-03;-2.437363431141611747e-01;-2.237751770832600573e-01
-1.239693469287543870e-01;4.097291974763916239e-02;-5.673173503519268746e-02;-5.988349809270340079e-02;-2.038140110523589121e-01;-3.635033392995679624e-01
-8.614819023862593794e-02;1.323740484154496133e-01;-3.361880594678084977e-02;-9.560347941115804327e-02;-2.573939830300409071e-01;-5.357997197768198105e-02
-4.412468280514986879e-02;2.626469214592253715e-02;-1.817516696497839812e-01;-1.061093562695270692e-01;-2.731527983175944044e-02;-1.996116603090113129e-01
2.017128356806850709e-01;1.554869775038614232e-01;-9.455289172532115732e-03;-3.992233206180226257e-02;7.879407643776763226e-02;-2.311292908841183769e-02
8.404701486695213830e-02;1.722963804772518759e-01;1.996116603090113129e-01;-1.870046080789684873e-01;1.313234607296127066e-01;1.491834513888400660e-01
6.723761189356169954e-02;2.468881061716718950e-01;4.307409511931296897e-02;-1.912069588223160865e-01;1.082105316412008550e-01;-2.395339923708136032e-01
3.151763057510704232e-03;-3.046704288927014684e-02;-8.824936561029973758e-02;-3.277833579811132991e-01;-3.078221919502121540e-01;-5.473561843210258404e-01
-1.113622946987115753e-01;-1.313234607296127066e-01;-2.994174904635170109e-01;-2.615963337733885341e-01;-5.589126488652317315e-01;-5.578620611793947415e-01
-1.680940297339042766e-01;-1.449811006454924112e-01;-4.748656339982795238e-01;-3.550986378128727639e-01;-3.960715575605118777e-01;-4.612079940823998747e-01
-1.061093562695270692e-01;-1.208175838712436806e-01;-3.740092161579369745e-01;-2.752539736892682387e-01;-3.382892348394823667e-01;-1.975104849373374993e-01
-5.778232272102959421e-02;-1.912069588223160865e-01;-1.428799252738186254e-01;-2.531916322866932800e-01;-1.649422666763935286e-01;3.151763057510704232e-03
-2.342810539416290694e-01;-2.721022106317574907e-01;5.252938429184507430e-02;-3.330362964102978607e-01;-8.614819023862593794e-02;7.669290106609381874e-02
-3.183280688085812216e-01;-2.321798785699552559e-01;-3.151763057510705013e-02;-1.187164084995698810e-01;2.101175371673803111e-03;3.004680781493538899e-01
-4.549044679673783786e-01;-7.038937495107240594e-02;-3.887174437596535581e-02;-3.361880594678084977e-02;8.089525180944143190e-02;-1.817516696497839812e-01
-2.416351677424873612e-01;-1.365763991587972126e-01;-2.563433953442040281e-01;1.397281622163079329e-01;1.166152331278960952e-01;-1.596893282472090503e-01
-2.101175371673803458e-02;-2.216740017115862715e-01;-2.059151864240327257e-01;-1.113622946987115753e-01;-1.512846267605138517e-01;-1.596893282472090503e-01
-7.249055032274620558e-02;-2.542422199725301590e-01;-2.489892815433457085e-01;-3.729586284721000955e-01;-3.172774811227443426e-01;-2.668492722025729846e-01
-1.271211099862650795e-01;-2.153704755965648310e-01;-1.817516696497839812e-01;-5.074338522592234391e-01;-2.721022106317574907e-01;-2.657986845167361056e-01
-1.334246361012864923e-01;-1.964598972515006203e-01;-3.960715575605118777e-01;-3.761103915296107880e-01;-2.647480968308992266e-01;-2.626469214592254131e-01
-2.899622012909848223e-01;-2.279775278266076288e-01;-4.097291974763916378e-01;-2.468881061716718950e-01;-3.298845333527870571e-01;-3.078221919502121540e-01
-5.147879660600818141e-02;-2.101175371673802972e-01;-4.517527049098676861e-01;-4.853715108566485914e-01;-4.128809605339023303e-01;-4.223362497064344634e-01
-9.245171635364735074e-02;-2.868104382334741298e-01;-3.571998131845465774e-01;-4.275891881356189694e-01;-3.172774811227443426e-01;-2.721022106317574907e-01
-1.523352144463507307e-01;-5.368503074626567173e-01;-4.086786097905547588e-01;-2.468881061716718950e-01;-1.638916789905566496e-01;-3.172774811227443426e-01
-1.460316883313293179e-01;-3.656045146712417759e-01;-3.677056900429155895e-01;-2.983669027776801319e-01;-2.784057367467789312e-01;-9.875524246866874967e-02
-5.778232272102959421e-02;-3.803127422729584151e-01;-1.722963804772518759e-01;-8.194583949527832478e-02;-3.582504008703834564e-01;0.000000000000000000e+00
-4.412468280514986879e-02;-3.225304195519287931e-01;-3.960715575605118777e-01;-2.468881061716718950e-01;0.000000000000000000e+00;0.000000000000000000e+00
2.101175371673803458e-02;-3.477445240120144443e-01;-1.838528450214577947e-01;-4.349433019364772890e-01;0.000000000000000000e+00;0.000000000000000000e+00
-6.198467346437719350e-02;-1.145140577562222817e-01;-5.084844399450603181e-01;0.000000000000000000e+00;0.000000000000000000e+00;0.000000000000000000e+00
-1.575881528755352506e-02;-4.202350743347606221e-03;-4.475503541665201146e-01;0.000000000000000000e+00;0.000000000000000000e+00;0.000000000000000000e+00
-2.311292908841183769e-02;-3.078221919502121540e-01;0.000000000000000000e+00;0.000000000000000000e+00;0.000000000000000000e+00;0.000000000000000000e+00
-4.937762123433437483e-02;-3.414409978969930592e-01;0.000000000000000000e+00;0.000000000000000000e+00;0.000000000000000000e+00;0.000000000000000000e+00
