3.226996294175549229e-01;-1.092025361907315167e-01;-1.226994788659904745e-02;-5.374237174330382949e-01;-4.736199884227231816e-01;-2.000001505515645039e-01
-1.472393746391885694e-01;1.042945570360919033e-01;-4.601230457474643210e-01;-1.521473537938281828e-01;-1.349694267525895254e-02;2.196320671701229299e-01
-3.914113375825096219e-01;1.141105153453711440e-01;-5.312887434897387573e-01;-4.417181239175656943e-02;1.251534684433102673e-01;2.981597336443568280e-01
-1.018405674587720966e-01;-1.533743485824881070e-01;-1.521473537938281828e-01;2.343560046340418257e-01;-1.177914997113508611e-01;-1.226994788659904745e-01
-1.067485466134117100e-01;-5.619636132062363343e-01;1.595093225257876168e-01;1.202454892886706678e-01;-2.319020150567219773e-01;-4.024542906804487452e-01
-2.417179733660012597e-01;-3.104296815309559032e-01;2.564419108299200722e-01;-2.245400463247625433e-01;-6.269943370052113440e-01;-5.361967226443783430e-01
-3.595094730773520930e-01;1.815952287216658911e-01;1.975461609742446556e-01;-4.196322177216874061e-01;-2.000001505515645039e-01;-2.478529473093007696e-01
-4.417181239175657081e-01;8.588963520619333214e-02;-2.932517544897172423e-01;-7.398778575619225917e-01;-4.159512333557076613e-01;-4.907979154639618979e-02
3.067486971649761862e-02;-2.785278170257983743e-01;-6.527612275670693354e-01;-6.196323682732518545e-01;-2.650308743505394582e-01;-1.828222235103258153e-01
1.288344528092900121e-01;-4.564420613814845762e-01;-6.822091024949070714e-01;-1.398774059072291354e-01;-2.932517544897172423e-01;-2.785278170257983743e-01
-3.435585408247733563e-02;-4.515340822268449350e-01;-4.650310249021039066e-01;-3.349695773041539981e-01;-4.085892646237482828e-01;-1.668712912577470509e-01
-6.024544412320133047e-01;-5.055218529278807660e-01;-3.938653271598294148e-01;-6.355833005258306745e-01;-3.018407180103365728e-01;-5.815955298247947880e-01
-5.030678633505609731e-01;-5.447856861649976734e-01;-5.558286392629369077e-01;-4.208592125103473580e-01;-4.699390040567435478e-01;-2.773008222371384779e-01
-2.957057440670370352e-01;-6.404912796804702602e-01;-5.165648060258198893e-01;-3.779143949072506503e-01;-5.337427330670585501e-01;-6.294483265825311369e-01
9.693258830413246929e-02;-3.950923219484893112e-01;-4.490800926495250867e-01;9.693258830413246929e-02;-5.656445975722160791e-01;-4.306751708196265849e-01
3.570554835000322447e-01;-1.386504111185692389e-01;-2.846627909690978564e-01;-1.104295309793914236e-02;-3.693254313866313199e-01;3.901843427938497255e-01
4.515340822268449350e-01;8.588963520619333214e-02;-2.196320671701229299e-01;1.717792704123866782e-02;1.901841922422852216e-01;2.466259525206408731e-01
4.000003011031290079e-01;9.202460914949285586e-02;-8.957061957217304915e-02;1.325154371752697291e-01;1.104295309793914236e-02;1.717792704123866643e-01
2.343560046340418257e-01;-1.963191661855847453e-02;6.748471337629476097e-02;3.558284887113723483e-01;-8.588963520619333214e-02;-6.012274464433533389e-02
2.785278170257983743e-01;3.803683844845704570e-02;-1.631903068917673338e-01;-1.116565257680513373e-01;-1.018405674587720966e-01;-2.343560046340418257e-01
2.429449681546611284e-01;-4.785279675773628644e-02;-3.288346033608544605e-01;-8.711662999485324244e-02;-1.754602547783663813e-01;-6.012274464433533527e-01
2.392639837886814114e-01;-6.871170816495467126e-02;-4.073622698350883864e-01;-2.269940359020823639e-01;-4.319021656082864813e-01;-5.509206601082972110e-01
3.190186450515752198e-02;3.680984365979714408e-03;-3.840493688505501879e-01;-3.055217023763162620e-01;-4.392641343402458598e-01;-5.631906079948962862e-01
6.012274464433533389e-02;-2.355829994227017221e-01;-2.380369890000215150e-01;-3.865033584278699808e-01;-6.012274464433533527e-01;-3.116566763196157996e-01
-3.312885929381743227e-02;-2.760738274484785815e-01;-2.233130515361026747e-01;-4.638040301134439547e-01;-4.809819571546826711e-01;-3.435585408247733286e-01
-7.361968731959428816e-03;-1.680982860464069473e-01;-1.018405674587720966e-01;-3.411045512474535357e-01;-4.662580196907638308e-02;-2.699388535051790508e-02
1.214724840773305642e-01;8.957061957217304915e-02;6.012274464433533389e-02;-8.343564562887352543e-02;-5.398777070103581016e-02;-7.361968731959428469e-02
2.196320671701229299e-01;1.644173016804272303e-01;-2.503069368866205346e-01;-5.644176027835561688e-02;-3.141106658969355925e-01;-2.723928430824988367e-01
2.134970932268234201e-01;2.478529473093007696e-01;-2.306750202680620809e-01;-3.006137232216766764e-01;-2.871167805464177047e-01;-2.834357961804380155e-01
1.521473537938281828e-01;1.030675622474320069e-01;-2.134970932268234201e-01;-2.085891140721838066e-01;-2.662578691391992991e-01;-1.631903068917673338e-01
2.441719629433210248e-01;-1.165645049226909508e-01;-2.245400463247625433e-01;-1.042945570360919033e-01;-8.588963520619333214e-02;-1.141105153453711440e-01
2.220860567474427505e-01;-2.085891140721838136e-02;-2.552149160412601758e-01;-5.644176027835561688e-02;1.717792704123866782e-02;-2.085891140721838066e-01
2.797548118144582707e-01;-4.662580196907638308e-02;-1.840492182989857117e-02;-2.159510828041432406e-01;-2.944787492783771388e-01;-3.803683844845704570e-02
3.177916502629153372e-01;-8.098165605155371871e-02;6.134973943299523724e-02;-9.938657788145228988e-02;-2.049081297062041174e-01;2.331290098453819154e-02
4.539880718041647278e-01;2.122700984381635514e-01;1.116565257680513373e-01;1.963191661855847453e-02;3.680984365979714408e-03;0.000000000000000000e+00
3.521475043453926590e-01;-1.901841922422852216e-01;-1.926381818196050422e-01;-1.926381818196050422e-01;0.000000000000000000e+00;0.000000000000000000e+00
3.730064157526110646e-01;-9.938657788145228988e-02;-1.607363173144475132e-01;-1.104295309793914236e-02;0.000000000000000000e+00;0.000000000000000000e+00
4.171782281443676133e-01;-8.588963520619333214e-02;8.343564562887352543e-02;0.000000000000000000e+00;0.000000000000000000e+00;0.000000000000000000e+00
3.987733063144690560e-01;-1.226994788659904745e-02;7.975466126289380842e-02;0.000000000000000000e+00;0.000000000000000000e+00;0.000000000000000000e+00
4.036812854691086416e-01;2.282210306907422881e-01;0.000000000000000000e+00;0.000000000000000000e+00;0.000000000000000000e+00;0.000000000000000000e+00
4.049082802577685380e-01;2.723928430824988367e-01;0.000000000000000000e+00;0.000000000000000000e+00;0.000000000000000000e+00;0.000000000000000000e+00
