-2.851505537977871985e-01;-5.692527599713178565e-01;-2.746670775552215171e-01;1.184632815409924628e-01;9.644798143160450421e-02;-1.467686673959198856e-02
-3.574865398714905940e-01;-3.805501876051350929e-01;5.241738121282853678e-03;-1.006413719286307767e-01;-8.491615756478221311e-02;-2.316848249607020849e-01
-3.071658539071751570e-01;1.677356198810512830e-02;1.016897195528873449e-01;-3.669216684897996794e-02;-1.635422293840249897e-01;-2.107178724755706944e-01
-2.138629153483403988e-01;-1.499137102686896039e-01;-4.717564309154567009e-02;-2.809571633007609259e-01;2.128145677240838585e-01;-1.562037960142290127e-01
-1.153182386682227722e-02;1.855575294934130037e-01;-1.960410057359786851e-01;1.216083244137621810e-01;-3.983720972174968622e-02;1.258017149107884709e-02
-2.516034298215769627e-01;5.556242408559824292e-02;-2.191046534696232395e-01;-1.499137102686896039e-01;9.435128618309134019e-02;-1.048347624256570632e-01
-1.226566720380187631e-01;-3.459547160046682612e-01;-1.907992676146958444e-01;-8.806120043755193139e-02;-2.421683012032678217e-01;7.967441944349937244e-02
-4.612729546728910890e-02;-2.390232583304980896e-01;-2.526517774458335031e-01;1.635422293840249897e-01;-1.467686673959198856e-02;-1.111248481711964858e-01
5.661077170985481105e-02;1.278984101593016176e-01;1.079798052984267676e-01;1.048347624256570632e-01;-1.666872722567947218e-01;-1.268500625350450495e-01
-2.012827438572615535e-01;-8.386780994052565885e-02;1.677356198810513177e-01;2.295881297121889764e-01;-2.390232583304980896e-01;-1.960410057359786851e-01
6.919094320093366335e-02;-2.830538585492740553e-02;6.604590032816394507e-02;-9.854467668011764048e-02;-1.415269292746370311e-01;-2.914406395433266073e-01
3.228910682710237623e-01;7.023929082519023148e-02;1.970893533602352810e-01;-3.564381922472339981e-02;-1.928959628632090084e-01;1.048347624256570519e-03
1.624938817597684493e-01;1.792674437478735672e-01;-9.435128618309135753e-03;1.362851911533541696e-02;-2.620869060641426579e-02;-1.048347624256570519e-03
1.467686673959198856e-02;3.291811540165631711e-01;8.386780994052564150e-03;2.620869060641426579e-02;1.278984101593016176e-01;1.541071007657158765e-01
-1.467686673959198718e-01;2.411199535790112605e-02;1.436236245231501674e-01;-4.581279118001214123e-01;1.394302340261238948e-01;8.386780994052565885e-02
-1.237050196622753312e-01;-1.216083244137621810e-01;-1.509620578929461721e-01;-3.344228921378460395e-01;1.048347624256570736e-02;-3.428096731318985846e-01
-1.268500625350450495e-01;-2.610385584398860481e-01;-2.998274205373792078e-01;-2.421683012032678217e-01;-3.732117542353391437e-01;-4.413543498120162667e-01
-1.226566720380187631e-01;-1.278984101593016176e-01;-2.201530010938798632e-01;-2.841022061735306581e-01;-3.931303590962140215e-01;-4.990134691461276528e-01
-6.290085745539423547e-03;3.564381922472339981e-02;-2.662802965611689165e-01;-1.551554483899724446e-01;-1.603971865112553130e-01;-2.673286441854255124e-01
2.830538585492740553e-02;5.975581458262452239e-02;-7.548102894647308603e-02;-4.822399071580225210e-02;-1.761224008751038628e-01;-1.446719721474067355e-01
1.247533672865319132e-01;-7.548102894647308603e-02;-1.320918006563278901e-01;-2.484583869488072583e-01;-1.907992676146958444e-01;1.153182386682227722e-02
2.201530010938798285e-02;-3.899853162234443449e-01;-1.079798052984267676e-01;-2.945856824160962839e-01;-1.268500625350450495e-01;3.983720972174968622e-02
-2.337815202092152489e-01;-4.801432119095093154e-01;-2.264430868394192442e-01;-2.180563058453666714e-01;1.048347624256570519e-03;1.813641389963867034e-01
-4.633696499214041697e-01;-2.631352536883991844e-01;-2.327331725849586530e-01;-9.644798143160450421e-02;1.991860486087483895e-01;-7.652937657072965416e-02
-2.746670775552215171e-01;-1.142698910439662041e-01;-1.907992676146958444e-01;1.499137102686896039e-01;1.268500625350450495e-01;6.919094320093366335e-02
-4.822399071580225210e-02;-1.803157913721301353e-01;-1.478170150201764677e-01;7.757772419498622229e-02;-1.048347624256570519e-03;-2.557968203186032352e-01
-1.132215434197096221e-01;-2.799088156765043300e-01;-2.935373347918397435e-01;-1.834608342448998675e-01;-6.394920507965080880e-02;-2.526517774458335031e-01
-1.991860486087483895e-01;-3.166009825254843535e-01;-1.425752768988935992e-01;-3.721634066110826033e-01;-2.757154251794780575e-01;-1.635422293840249897e-01
-4.256291354481677169e-01;-4.832882547822790476e-01;-3.595832351200036747e-01;-2.170079582211101310e-01;-2.159596105968535351e-01;-2.599902108156295077e-01
-3.176493301497408939e-01;-2.725703823067083253e-01;-3.742601018595956841e-01;-2.767637728037346534e-01;-2.641836013126557803e-01;-2.966823776646094757e-01
-1.719290103780775625e-01;-3.375679350106157162e-01;-4.067588782115493795e-01;-4.549828689273516247e-01;-4.224840925753980403e-01;-2.809571633007609259e-01
-2.369265630819849255e-01;-4.707080832912001744e-01;-3.637766256170299473e-01;-3.941787067204705619e-01;-4.570795641758648165e-01;-3.595832351200036747e-01
-2.306364773364455445e-01;-5.336089407465943735e-01;-3.155526349012277576e-01;-2.212013487181364035e-01;-2.683769918096820528e-01;-2.778121204279911938e-01
-2.107178724755706944e-01;-3.459547160046682612e-01;-3.040208110344054804e-01;-1.499137102686896039e-01;-1.058831100499136452e-01;-6.290085745539424067e-02
-2.411199535790112605e-02;-1.782190961236169990e-01;-7.338433369795994282e-03;2.096695248513141471e-02;-1.792674437478735672e-01;0.000000000000000000e+00
4.717564309154567009e-02;-2.348298678334718170e-01;-3.186976777739974898e-01;-2.400716059547546577e-01;0.000000000000000000e+00;0.000000000000000000e+00
4.612729546728910890e-02;-1.603971865112553130e-01;-1.876542247419261678e-01;-3.103108967799448892e-01;0.000000000000000000e+00;0.000000000000000000e+00
7.338433369795994282e-03;6.290085745539424067e-02;-3.113592444042014296e-01;0.000000000000000000e+00;0.000000000000000000e+00;0.000000000000000000e+00
3.669216684897996794e-02;1.467686673959198856e-02;-4.340159164422202620e-01;0.000000000000000000e+00;0.000000000000000000e+00;0.000000000000000000e+00
2.830538585492740553e-02;-2.295881297121889764e-01;0.000000000000000000e+00;0.000000000000000000e+00;0.000000000000000000e+00;0.000000000000000000e+00
5.241738121282853158e-02;-1.897509199904392763e-01;0.000000000000000000e+00;0.000000000000000000e+00;0.000000000000000000e+00;0.000000000000000000e+00
