4.428074427700476323e-02;3.453898053606371255e-01;-1.416983816864152423e-01;-2.789686889451299945e-01;-4.605197404808495376e-01;-5.535093034625595543e-01
6.346906679704016063e-02;1.328422328310142897e-02;-2.937289370374649433e-01;-3.911465744468754502e-01;-1.800750267264860371e-01;2.848727881820640184e-01
-2.952049618466984215e-01;1.107018606925119220e-01;-4.118109217761443119e-01;-3.571980038345051178e-01;2.745406145174295043e-01;1.623627290156841319e-01
7.822931488937506783e-02;2.952049618466983869e-02;-4.191910458223117586e-01;3.114412347482668486e-01;1.062737862648114318e-01;-1.431744064956487483e-01
1.107018606925119220e-01;-4.738039637639508972e-01;-7.675329008014158960e-02;2.199276965757903379e-01;-2.597803664250946110e-01;-3.557219790252715841e-01
5.608894275087269315e-02;-5.461291794163921631e-01;3.306295572683022321e-01;-2.376399942865922155e-01;-4.177150210130782804e-01;-2.169756469573233537e-01
-5.904099236933967737e-02;-3.099652099390333426e-02;3.011090610836323900e-01;-2.494481927604601246e-01;-1.298901832125473055e-01;-3.586740286437385405e-01
-2.538762671881606425e-01;2.199276965757903379e-01;-2.730645897081960816e-01;-4.723279389547174190e-01;-5.564613530810265107e-01;-1.284141584033137995e-01
-2.169756469573233537e-01;8.118136450784206593e-02;-4.177150210130782804e-01;-3.247254580313682637e-01;-2.317358950496582748e-01;-1.416983816864152423e-01
9.594161260017698700e-02;-1.594106793972171754e-01;-4.280471946777126835e-01;-2.214037213850238439e-01;-1.726949026803185627e-01;-2.893008626097644531e-01
1.180819847386793686e-02;-2.656844656620285794e-01;-3.070131603205663584e-01;-1.136539103109788923e-01;-1.151299351202123844e-01;-1.963112996280544642e-01
-3.158693091759672833e-01;-2.878248378005309749e-01;-3.394857061237032125e-01;-4.014787481115098533e-01;-3.690062023083730547e-01;-5.151326584224886762e-01
-2.922529122282314651e-01;-4.797080630008849766e-01;-3.158693091759672833e-01;-4.664238397177835060e-01;-4.324752691054131737e-01;-4.767560133824179092e-01
-3.911465744468754502e-01;-6.007420973580313017e-01;-4.782320381916514984e-01;-3.837664504007079480e-01;-5.195607328501892219e-01;-5.712216011733615151e-01
-1.918832252003539740e-02;-5.682695515548945586e-01;-5.874578740749298866e-01;-2.819207385635969509e-01;-6.155023454503661950e-01;-7.941013473676187262e-01
1.667908034433845943e-01;-3.616260782622055525e-01;-4.339512939146467074e-01;1.225100591663798449e-01;-6.730673130104724011e-01;4.073828473484438217e-01
3.262014828406017419e-01;-1.476024809233492108e-03;-3.763863263545405013e-01;2.169756469573233537e-01;-9.741763740941047911e-02;4.236191202500121933e-01
2.966809866559319553e-01;3.084891851297998366e-01;-2.125475725296228635e-01;-2.627324160435616229e-01;1.653147786341511161e-01;2.612563912343280892e-01
2.553522919973941208e-01;1.328422328310142897e-01;-1.180819847386793686e-02;0.000000000000000000e+00;7.970533969860858770e-02;1.904072003911204680e-01
2.819207385635969509e-01;8.560943893554254225e-02;-3.896705496376419164e-01;-6.051701717857317642e-02;-5.313689313240571588e-02;-1.549826049695166852e-01
2.287838454311912628e-01;-1.136539103109788923e-01;-5.298929065148236806e-01;-1.284141584033137995e-01;-1.313662080217808115e-01;-4.295232194869462172e-01
1.372703072587147521e-01;-8.413341412630905014e-02;-2.760166393266630380e-01;-1.166059599294458765e-01;-2.081194981019224011e-01;-5.859818492656964084e-01
-1.490785057325827168e-01;4.575676908623824840e-02;-2.332119198588917530e-01;-1.608867042064506259e-01;-4.398553931515806759e-01;-4.841361374285854113e-01
5.461291794163920799e-02;-2.081194981019224011e-01;-2.701125400897290141e-01;-2.686365152804955359e-01;-4.428074427700476878e-01;-2.199276965757903379e-01
-1.490785057325827168e-01;-2.125475725296228635e-01;3.542459542160381059e-02;-5.918859485026303213e-01;-4.295232194869462172e-01;-3.926225992561089284e-01
-3.394857061237031848e-02;-1.741709274895520687e-01;-7.084919084320762117e-02;-3.793383759730074578e-01;-9.446558779094349489e-02;-1.535065801602831792e-01
8.856148855400952646e-02;7.970533969860858770e-02;-1.476024809233491934e-02;-2.214037213850238162e-02;-1.476024809233492108e-03;-1.254621087848468430e-01
1.210340343571463528e-01;9.298956298171000279e-02;-3.173453339852008170e-01;-9.003751336324301857e-02;-2.642084408527951012e-01;-1.815510515357195154e-01
6.789714122474063696e-02;4.723279389547174745e-02;-1.431744064956487483e-01;-2.937289370374649433e-01;-1.549826049695166852e-01;-3.025850858928658682e-01
1.180819847386793686e-02;-1.623627290156841319e-01;-1.033217366463444614e-01;-3.040611107020993464e-01;-2.715885648989625478e-01;-2.199276965757903379e-01
-2.952049618466983869e-02;-2.996330362743989117e-01;-1.077498110740449239e-01;-1.387463320679482581e-01;-1.284141584033137995e-01;-3.247254580313682637e-02
8.856148855400952646e-02;-1.372703072587147521e-01;-2.774926641358965163e-01;-1.889311755818869898e-01;-1.328422328310142897e-01;-4.309992442961796955e-01
2.376399942865922155e-01;7.970533969860858770e-02;-2.671604904712621131e-01;-3.011090610836323900e-01;-4.014787481115098533e-01;-1.918832252003539740e-02
2.287838454311912628e-01;-9.298956298171000279e-02;-1.387463320679482581e-01;-1.800750267264860371e-01;-5.446531546071586849e-01;-1.210340343571463528e-01
3.512939045975710939e-01;1.402223568771817641e-01;1.077498110740449239e-01;2.509242175696936583e-02;3.542459542160381059e-02;0.000000000000000000e+00
5.136566336132551980e-01;4.280471946777127112e-02;-1.653147786341511161e-01;-2.612563912343280892e-01;0.000000000000000000e+00;0.000000000000000000e+00
4.649478149085500278e-01;3.247254580313682637e-02;-1.490785057325827168e-01;-6.937316603397412906e-02;0.000000000000000000e+00;0.000000000000000000e+00
4.797080630008849766e-01;5.608894275087269315e-02;6.199304198780666852e-02;0.000000000000000000e+00;0.000000000000000000e+00;0.000000000000000000e+00
4.959443359024533482e-01;4.014787481115098533e-01;7.380124046167460539e-02;0.000000000000000000e+00;0.000000000000000000e+00;0.000000000000000000e+00
5.225127824686561784e-01;5.638414771271939019e-01;0.000000000000000000e+00;0.000000000000000000e+00;0.000000000000000000e+00;0.000000000000000000e+00
5.225127824686561784e-01;4.826601126193519886e-01;0.000000000000000000e+00;0.000000000000000000e+00;0.000000000000000000e+00;0.000000000000000000e+00
